process,p0,abs_bias,component,asymmetry,se,z,mean_plus,mean_minus
additive,0.4,0.02,terminal_pnl,19.421763663205866,5.552208029998169,3.4980252105597476,-0.8825192927205873,-20.304282955926453
additive,0.4,0.02,spread_capture,0.2026490759490791,0.04709143296176812,4.303310882758713,16.023666477116986,15.821017401167907
additive,0.4,0.02,adverse_selection,-0.4316950436382143,0.13206504453221404,-3.2688062550337675,-28.493704604540458,-28.062009560902244
additive,0.4,0.02,settlement_drift,14.118922042128192,2.537999721811404,5.563011658666113,9.179561587334655,-4.939360454793537
additive,0.4,0.02,settlement_draw,5.531887588766832,4.986285532035712,1.109420540244989,2.40795724736824,-3.123930341398592
additive,0.4,0.04,terminal_pnl,37.65724781479485,10.734530259032182,3.508048038069437,2.331106451519347,-35.326141363275504
additive,0.4,0.04,spread_capture,0.3890431426760905,0.06553889838257472,5.936064723045881,17.328654639520895,16.939611496844805
additive,0.4,0.04,adverse_selection,-1.0504212516646447,0.20703117240788627,-5.073734739786615,-38.049194710449314,-36.99877345878467
additive,0.4,0.04,settlement_drift,27.235949745935013,4.895076189001114,5.563948076463497,17.74567952695079,-9.490270218984222
additive,0.4,0.04,settlement_draw,11.082676177848468,9.631339612993367,1.1506889615746851,5.305966995497012,-5.776709182351456
additive,0.4,0.06,terminal_pnl,52.78641554154749,15.200848321753563,3.472596688304964,-1.2179992071359356,-54.00441474868342
additive,0.4,0.06,spread_capture,0.596724562839448,0.08591562745126036,6.945471744101128,19.02445067386924,18.42772611102979
additive,0.4,0.06,adverse_selection,-1.9360270320822224,0.3161488817597322,-6.1237826346435416,-52.5610006859098,-50.624973653827574
additive,0.4,0.06,settlement_drift,38.227348951629935,6.92959341844331,5.516535623848689,24.6924640069115,-13.534884944718433
additive,0.4,0.06,settlement_draw,15.898369059160594,13.628850036608767,1.1665231487950647,7.6260867979934,-8.272282261167193
additive,0.4,0.08,terminal_pnl,64.51701690836857,18.850575166473966,3.422548985301683,-9.78222288224914,-74.29923979061772
additive,0.4,0.08,spread_capture,0.7827868646907525,0.10744694477455899,7.28533385786972,20.73239505652068,19.949608191829928
additive,0.4,0.08,adverse_selection,-2.9899417658842538,0.4548931061946288,-6.572844752246012,-70.40327211939098,-67.41333035350672
additive,0.4,0.08,settlement_drift,47.32773884918596,8.588879450494892,5.510350811415678,30.439225432810805,-16.88851341637516
additive,0.4,0.08,settlement_draw,19.396432960376686,16.907421763871845,1.1472141188210858,9.449428747810783,-9.947004212565904
additive,0.4,0.1,terminal_pnl,72.508240006114,21.54435118885275,3.3655337016428897,-22.437232804392146,-94.94547281050615
additive,0.4,0.1,spread_capture,0.9559179713012753,0.12733154413894637,7.507314685967848,22.139474142341296,21.18355617104002
additive,0.4,0.1,adverse_selection,-4.228130018162659,0.6160371992529523,-6.863432960363386,-89.9399434726668,-85.71181345450414
additive,0.4,0.1,settlement_drift,53.71336473287169,9.811685831758291,5.474427703240683,34.447576962253144,-19.265787770618545
additive,0.4,0.1,settlement_draw,22.067087320104736,19.330885505883085,1.1415456013843197,10.915659563681055,-11.151427756423681
additive,0.5,0.02,terminal_pnl,6.763979857936438,5.540174503818859,1.2208965355286203,-7.610416144521481,-14.37439600245792
additive,0.5,0.02,spread_capture,-0.014423963777238313,0.047408652995878466,-0.3042474920874103,15.947097892940755,15.961521856717994
additive,0.5,0.02,adverse_selection,0.09781707253339889,0.13453238406443813,0.7270894157836867,-28.308803976539178,-28.406621049072577
additive,0.5,0.02,settlement_drift,0.6378450998176788,2.5430917062988554,0.25081482442722475,2.292789079389111,1.654943979571432
additive,0.5,0.02,settlement_draw,6.042741649362623,5.0214412852536885,1.2033878932545035,2.458500859687845,-3.584240789674778
additive,0.5,0.04,terminal_pnl,13.001509422209342,10.70399215720678,1.2146411573606852,-10.673280530392937,-23.67478995260228
additive,0.5,0.04,spread_capture,-0.04864920391411687,0.06551264526238398,-0.7425925745979646,17.144937303790314,17.19358650770443
additive,0.5,0.04,adverse_selection,0.225146013586631,0.20882299219399705,1.0781667824080876,-37.51603414255927,-37.7411801561459
additive,0.5,0.04,settlement_drift,0.8004647934380245,4.909228869467879,0.1630530608210956,4.268323705564163,3.4678589121261387
additive,0.5,0.04,settlement_draw,12.024547819098874,9.699851960355279,1.2396630245744955,5.4294926028119,-6.595055216286974
additive,0.5,0.06,terminal_pnl,18.526581631945408,15.163876599863524,1.2217576099314966,-19.040822674707183,-37.56740430665259
additive,0.5,0.06,spread_capture,-0.03930794418907979,0.0859644963062616,-0.4572578899204999,18.747563867314156,18.786871811503236
additive,0.5,0.06,adverse_selection,0.2996652904225101,0.31760033478634286,0.9435295168189981,-51.5874699267334,-51.88713521715591
additive,0.5,0.06,settlement_drift,0.968397427719558,6.952887630795342,0.13927989047750264,5.7367202670182795,4.768322839298722
additive,0.5,0.06,settlement_draw,17.29782685799272,13.734184635178309,1.2594724271935744,8.062363117694133,-9.235463740298588
additive,0.5,0.08,terminal_pnl,22.93472328279184,18.809837192556298,1.2192940878758856,-31.472284995308353,-54.40700827810019
additive,0.5,0.08,spread_capture,-0.04227962698995924,0.10749589175025522,-0.39331388671287393,20.37225120043663,20.41453082742659
additive,0.5,0.08,adverse_selection,0.40907410840581804,0.4564510260116714,0.8962059127792563,-68.90771450962534,-69.31678861803115
additive,0.5,0.08,settlement_drift,1.4797995816521823,8.616192321202645,0.17174634995213667,7.08242731511984,5.602627733467657
additive,0.5,0.08,settlement_draw,21.08812921972452,17.04254031347228,1.237381800590735,9.980750998761117,-11.107378220963405
additive,0.5,0.1,terminal_pnl,26.168721501690555,21.506447729391144,1.2167849303131477,-46.67238384423641,-72.84110534592696
additive,0.5,0.1,spread_capture,-0.03617915258780258,0.12742090119594096,-0.283934207404233,21.708089410716106,21.74426856330391
additive,0.5,0.1,adverse_selection,0.4779986364242319,0.6175706133550103,0.7739983510994143,-87.86677588608703,-88.34477452251126
additive,0.5,0.1,settlement_drift,1.662404362903283,9.8444654218688,0.1688669005033393,7.947855359113837,6.285450996210554
additive,0.5,0.1,settlement_draw,24.064497654952014,19.489305992297016,1.2347539550388968,11.53844727202169,-12.526050382930322
additive,0.6,0.02,terminal_pnl,-4.2758361875731055,5.540817469536777,-0.7716977162813078,-12.66134857766926,-8.385512390096155
additive,0.6,0.02,spread_capture,-0.21833542372343118,0.04896773241603347,-4.458761166811591,15.820740378777046,16.039075802500477
additive,0.6,0.02,adverse_selection,0.5838492990448501,0.13909177525939015,4.197583199697022,-27.999843387407562,-28.583692686452412
additive,0.6,0.02,settlement_drift,-12.64366867577871,2.5453008419076446,-4.96745550372842,-4.09111875756504,8.55254991821367
additive,0.6,0.02,settlement_draw,8.002318612884208,5.010867559800083,1.5969926399738001,3.6088731885262995,-4.393445424357909
additive,0.6,0.04,terminal_pnl,-8.685404816424965,10.704349868519177,-0.8113902220225627,-20.980676042828595,-12.29527122640363
additive,0.6,0.04,spread_capture,-0.460650371122064,0.06663988349830119,-6.912532659721817,16.913996104843008,17.374646475965072
additive,0.6,0.04,adverse_selection,1.4106843170070889,0.21352964176310305,6.60650345946887,-36.83847413858275,-38.249158455589836
additive,0.6,0.04,settlement_drift,-25.431205225171567,4.9134943561250495,-5.1757880200818,-8.455567786907881,16.975637438263686
additive,0.6,0.04,settlement_draw,15.795766462861684,9.683265992282374,1.631243681155822,7.39936977781908,-8.396396685042603
additive,0.6,0.06,terminal_pnl,-11.639263076729005,15.15965495390434,-0.7677788915460332,-33.43757351389972,-21.798310437170716
additive,0.6,0.06,spread_capture,-0.6378920452438805,0.0871443208091079,-7.319949703219343,18.418889774622844,19.056781819866725
additive,0.6,0.06,adverse_selection,2.388107321113921,0.32322024596069426,7.388483088414984,-50.42845991348701,-52.81656723460093
additive,0.6,0.06,settlement_drift,-35.9392447945256,6.959974385312512,-5.163703600744197,-12.215546427979852,23.723698366545747
additive,0.6,0.06,settlement_draw,22.5497664419269,13.706636411241247,1.6451714166309337,10.78754305294476,-11.762223388982138
additive,0.6,0.08,terminal_pnl,-13.423805997510428,18.8056492996831,-0.7138177354895497,-48.84418402559466,-35.42037802808423
additive,0.6,0.08,spread_capture,-0.8202500474044179,0.10878649693261505,-7.539998717970487,19.948061393429988,20.768311440834406
additive,0.6,0.08,adverse_selection,3.5872236658520222,0.46360278263277266,7.737709522536496,-67.16348791041939,-70.75071157627141
additive,0.6,0.08,settlement_drift,-43.96169920172544,8.620356836328922,-5.099753993530392,-15.012437422517884,28.94926177920755
additive,0.6,0.08,settlement_draw,27.770919585768254,17.01124520900517,1.6325036318368558,13.383679913913381,-14.387239671854871
additive,0.6,0.1,terminal_pnl,-14.274237404763461,21.49885814142358,-0.6639532811866012,-66.077890950767,-51.80365354600354
additive,0.6,0.1,spread_capture,-0.9722340441065711,0.12873866800710398,-7.55199707404866,21.19875155902571,22.17098560313228
additive,0.6,0.1,adverse_selection,4.877830430505298,0.6266001208094986,7.784598611637159,-85.46071186581224,-90.33854229631754
additive,0.6,0.1,settlement_drift,-49.874185149726216,9.84789195246735,-5.064452919513443,-17.139231474636674,32.73495367508954
additive,0.6,0.1,settlement_draw,31.694351358565335,19.44994126564589,1.6295345536362387,15.323300830657411,-16.371050527907926
martingale,0.4,0.02,terminal_pnl,-4.910608085180451,4.250276575057469,-1.155362009615587,-13.203149358926302,-8.29254127374585
martingale,0.4,0.02,spread_capture,0.582919249335557,0.11582144394735315,5.032912986307821,15.307941137930023,14.725021888594465
martingale,0.4,0.02,adverse_selection,-1.4024022311951256,0.29659783998280376,-4.7282954969477675,-26.753175184559556,-25.35077295336443
martingale,0.4,0.02,settlement_drift,-3.319891382544432,2.289076524496838,-1.450319090260286,-1.6650621918452755,1.6548291906991566
martingale,0.4,0.02,settlement_draw,-0.7712337207763875,3.5946841126581544,-0.21454839885947163,-0.09285312045147673,0.6783806003249108
martingale,0.4,0.04,terminal_pnl,-9.34081880431003,8.22281454445435,-1.1359636963489208,-23.05006625041683,-13.709247446106799
martingale,0.4,0.04,spread_capture,1.2685972709422018,0.1526892436089283,8.308360438220301,17.023168167466597,15.754570896524395
martingale,0.4,0.04,adverse_selection,-3.6756898376203964,0.4719323385918825,-7.78859496805761,-36.984851973200406,-33.30916213558001
martingale,0.4,0.04,settlement_drift,-6.349597742943702,4.3971739403969705,-1.4440178689793812,-3.178795566203489,3.1708021767402133
martingale,0.4,0.04,settlement_draw,-0.5841284946877862,6.950304532531705,-0.08404358283204788,0.09041312152055468,0.6745416162083409
martingale,0.4,0.06,terminal_pnl,-14.11254351804795,11.707926829108501,-1.2053836451181978,-37.61584232745041,-23.50329880940246
martingale,0.4,0.06,spread_capture,1.7823412934097753,0.193556315593275,9.208386137887933,18.78729007465607,17.004948781246295
martingale,0.4,0.06,adverse_selection,-6.350163882149715,0.7230760457279213,-8.782152195011522,-51.81552145559382,-45.4653575734441
martingale,0.4,0.06,settlement_drift,-8.9734899778603,6.2542047110315675,-1.4347931339746975,-4.551858542480097,4.421631435380203
martingale,0.4,0.06,settlement_draw,-0.5712309514474482,9.873065710029902,-0.057857505279960114,-0.03575240403230235,0.5354785474151458
martingale,0.4,0.08,terminal_pnl,-19.243656376172154,14.568812618091274,-1.3208802172577707,-55.09307182327821,-35.849415447106054
martingale,0.4,0.08,spread_capture,2.1973733418262604,0.22850752721109419,9.61619675572585,20.44992832207096,18.2525549802447
martingale,0.4,0.08,adverse_selection,-9.3141360078778,1.0090620896465483,-9.230488493666758,-69.60083503229843,-60.286699024420635
martingale,0.4,0.08,settlement_drift,-11.15530453297511,7.7691281861765376,-1.4358502351426679,-5.69477001370947,5.46053451926564
martingale,0.4,0.08,settlement_draw,-0.9715891771453373,12.249534027791265,-0.07931641929734091,-0.24739509934100964,0.7241940778043277
martingale,0.4,0.1,terminal_pnl,-24.19127298652308,16.72575889896241,-1.4463483022001349,-73.98909002497174,-49.79781703844866
martingale,0.4,0.1,spread_capture,2.5044527568720554,0.2555076718807522,9.801869111941604,21.74806843393101,19.243615677058955
martingale,0.4,0.1,adverse_selection,-12.424695019509201,1.3117378528316035,-9.471934497192741,-88.68585055301025,-76.26115553350105
martingale,0.4,0.1,settlement_drift,-12.907699901882662,8.905300429286926,-1.4494401401027432,-6.563903932295528,6.343795969587133
martingale,0.4,0.1,settlement_draw,-1.363330822001883,14.027100821625252,-0.09719263013352465,-0.4874039735957033,0.8759268484061795
martingale,0.5,0.02,terminal_pnl,-1.4630734664742864,4.447286134214943,-0.3289811859008157,-11.65652301260175,-10.193449546127464
martingale,0.5,0.02,spread_capture,0.005578689421508187,0.11130370342670225,0.05012132795008001,15.156722064085937,15.151143374664429
martingale,0.5,0.02,adverse_selection,0.07236881106259219,0.2858219395191214,0.2531954376362726,-26.364020955380397,-26.43638976644299
martingale,0.5,0.02,settlement_drift,-2.774003372349199,2.336086772455523,-1.1874573346577235,-1.452984519145753,1.3210188532034461
martingale,0.5,0.02,settlement_draw,1.2329824053909069,3.742842672272968,0.3294240536811387,1.0037603978384722,-0.22922200755243466
martingale,0.5,0.04,terminal_pnl,-1.5809936333039012,8.572271419887732,-0.18443112167867018,-19.369669268725485,-17.788675635421583
martingale,0.5,0.04,spread_capture,-0.0193249043750221,0.14840417259785157,-0.1302180662223635,16.49161937294777,16.510944277322793
martingale,0.5,0.04,adverse_selection,0.16829510300258477,0.4586723774400697,0.3669178945151853,-35.43925551464816,-35.607550617650745
martingale,0.5,0.04,settlement_drift,-5.177211950887523,4.482602356628344,-1.1549567726506174,-2.584122878014357,2.5930890728731666
martingale,0.5,0.04,settlement_draw,3.447248118956532,7.205295277995808,0.47843259518927067,2.1620897509893378,-1.2851583679671943
martingale,0.5,0.06,terminal_pnl,-2.0050015141406092,12.192722665195504,-0.16444247681151206,-31.728398161814674,-29.723396647674065
martingale,0.5,0.06,spread_capture,0.018781070103862874,0.1887986726003259,0.09947670629878387,18.03217956654315,18.013398496439287
martingale,0.5,0.06,adverse_selection,0.10079246807723052,0.7047466422129841,0.1430194371139262,-49.05738861859124,-49.15818108666847
martingale,0.5,0.06,settlement_drift,-7.373113512824922,6.374146084543266,-1.1567217655560267,-3.79563554805849,3.5774779647664325
martingale,0.5,0.06,settlement_draw,5.248538460503788,10.220585886166255,0.5135261832306285,3.092446438292502,-2.156092022211286
martingale,0.5,0.08,terminal_pnl,-2.87756847041544,15.173553389422674,-0.1896436778231105,-47.16494090593128,-44.28737243551584
martingale,0.5,0.08,spread_capture,0.06109808445134135,0.22357385860287374,0.273279196562366,19.527072333162515,19.465974248711174
martingale,0.5,0.08,adverse_selection,0.00016976952998959405,0.9851880439274667,0.00017232195522065544,-65.55291964320648,-65.55308941273647
martingale,0.5,0.08,settlement_drift,-9.137892719498204,7.917665443126102,-1.1541145284727166,-4.721456189292504,4.416436530205699
martingale,0.5,0.08,settlement_draw,6.199056395101896,12.692465514975876,0.48840443078514667,3.5823625934059904,-2.6166938016959054
martingale,0.5,0.1,terminal_pnl,-3.651589515609004,17.431869117985634,-0.20947779557623072,-64.0889834448385,-60.4373939292295
martingale,0.5,0.1,spread_capture,0.08349869904467155,0.2507867720258683,0.33294698269037404,20.705968577340382,20.62246987829571
martingale,0.5,0.1,adverse_selection,-0.08791860190780199,1.2838050054608388,-0.06848283153113462,-83.32537441655649,-83.23745581464868
martingale,0.5,0.1,settlement_drift,-10.620893182306197,9.078564566647522,-1.1698868366619126,-5.500412188600569,5.120480993705628
martingale,0.5,0.1,settlement_draw,6.973723569561981,14.547234681577967,0.4793848262029638,4.030834582979865,-2.942888986582116
martingale,0.6,0.02,terminal_pnl,2.839672059869512,4.298134393945863,0.6606754930393364,-10.093214256478264,-12.932886316347776
martingale,0.6,0.02,spread_capture,-0.5989306550216931,0.11414964473455583,-5.246890223920096,14.765283248267078,15.364213903288771
martingale,0.6,0.02,adverse_selection,1.6175291002002226,0.2927566271757956,5.525166469515727,-25.36248420484955,-26.980013305049773
martingale,0.6,0.02,settlement_drift,-2.316286566474509,2.3336055601163914,-0.9925784400166502,-1.2291820143320686,1.0871045521424405
martingale,0.6,0.02,settlement_draw,4.137360181165624,3.7063635775777524,1.116285570631887,1.733168714436284,-2.4041914667293396
martingale,0.6,0.04,terminal_pnl,6.37993140056977,8.270559546235031,0.771402631817587,-16.018292202974326,-22.398223603544096
martingale,0.6,0.04,spread_capture,-1.3296588380385366,0.1501928322123608,-8.853011281913268,15.747080357229631,17.076739195268168
martingale,0.6,0.04,adverse_selection,4.099343106582481,0.46524641142710293,8.811122463058021,-33.20106431402019,-37.300407420602674
martingale,0.6,0.04,settlement_drift,-4.279751098722324,4.472473099281704,-0.9569092991100758,-2.147360762784665,2.132390335937658
martingale,0.6,0.04,settlement_draw,7.889998230748834,7.1228583866662385,1.1077011225603834,3.5830525166009966,-4.306945714147837
martingale,0.6,0.06,terminal_pnl,9.770658164555378,11.767560179346276,0.8303044994581169,-26.576075326455204,-36.34673349101058
martingale,0.6,0.06,spread_capture,-1.7865012136467229,0.1905606307980638,-9.374975335487159,17.02023549081971,18.806736704466434
martingale,0.6,0.06,adverse_selection,6.750727036080441,0.7124231335531509,9.475726879350132,-45.36014827764719,-52.11087531372763
martingale,0.6,0.06,settlement_drift,-6.117069644195835,6.355349911023194,-0.962507136481334,-3.192474755751785,2.9245948884440507
martingale,0.6,0.06,settlement_draw,10.923501986318385,10.097945943712542,1.0817548486798816,4.956312216124898,-5.967189770193487
martingale,0.6,0.08,terminal_pnl,13.363348760001756,14.65003706978548,0.9121716686685104,-39.621293396744015,-52.98464215674577
martingale,0.6,0.08,spread_capture,-2.1458490771271705,0.22523609541840445,-9.52711008926427,18.293523936582577,20.439373013709748
martingale,0.6,0.08,adverse_selection,9.62571285756313,0.9946815971461861,9.677179999288215,-60.22366562436589,-69.84937848192902
martingale,0.6,0.08,settlement_drift,-7.614946823303328,7.895334396094469,-0.9644869287702572,-3.930744359623853,3.6842024636794752
martingale,0.6,0.08,settlement_draw,13.498431802869737,12.538331917309899,1.0765731751154526,6.239592650664533,-7.258839152205204
martingale,0.6,0.1,terminal_pnl,17.13636232539929,16.834144167935015,1.0179526891565969,-54.023024127250665,-71.15938645264995
martingale,0.6,0.1,spread_capture,-2.4224477211102275,0.2524176996630473,-9.59698041913842,19.30265909872096,21.725106819831186
martingale,0.6,0.1,adverse_selection,12.627080967629468,1.2951699864925101,9.749361936517117,-76.2738080019462,-88.90088896957566
martingale,0.6,0.1,settlement_drift,-8.797243440614746,9.051553839628301,-0.9719042273272278,-4.568699017576413,4.228544423038333
martingale,0.6,0.1,settlement_draw,15.728972519496768,14.369188193203488,1.094631951924497,7.516823793553252,-8.212148725943516
