fill_model,fee_rate,fee_round,informed_fraction,pnl,pnl_sem,pre_fee_pnl,fees,fills,informed_share,absorbed
alone,0.0,1,0.0,2.860102657518447,2.0791670747545106,2.860102657518447,0.0,711.2,0.0,0.0
alone,0.0,1,0.1,-2.7469703637552616,1.9182872566557945,-2.7469703637552616,0.0,740.9,0.12362942205907093,0.0
alone,0.0,1,0.2,-6.819257297760556,2.195864859825028,-6.819257297760556,0.0,764.9666666666667,0.2334742053203879,0.0
alone,0.0,1,0.2999999999999999,-8.497050515029397,2.047728056942944,-8.497050515029397,0.0,796.1,0.3421587862844407,0.0
alone,0.0,1,0.4,-13.82130148072552,1.7159951025146816,-13.82130148072552,0.0,828.0666666666667,0.4382673146419778,0.0
alone,0.0,1,0.5,-16.210460970949804,2.7470349308074984,-16.210460970949804,0.0,849.4666666666667,0.5281307552481842,0.0
alone,0.0175,0,0.0,0.503939408528346,2.067627741362697,2.860102657518447,2.3561632489901014,711.2,0.0,0.0
alone,0.0175,0,0.1,-5.2086688892339446,1.9064288414933934,-2.746970363755261,2.461698525478683,740.9,0.12362942205907093,0.0
alone,0.0175,0,0.2,-9.3684530345193,2.1981770484432346,-6.819257297760556,2.549195736758745,764.9666666666667,0.2334742053203879,0.0
alone,0.0175,0,0.2999999999999999,-11.15446897020401,2.0451195440068015,-8.497050515029397,2.6574184551746116,796.1,0.3421587862844407,0.0
alone,0.0175,0,0.4,-16.591992672512212,1.7228006994368348,-13.821301480725518,2.770691191786692,828.0666666666667,0.4382673146419778,0.0
alone,0.0175,0,0.5,-19.052824467129618,2.769261495853531,-16.210460970949804,2.842363496179814,849.4666666666667,0.5281307552481842,0.0
alone,0.0175,1,0.0,-4.2518973424814455,2.064946183114034,2.860102657518447,7.111999999999893,711.2,0.0,0.0
alone,0.0175,1,0.1,-10.155970363755149,1.9159109148135267,-2.7469703637552616,7.408999999999886,740.9,0.12362942205907093,0.0
alone,0.0175,1,0.2,-14.468923964427104,2.1925701903490857,-6.819257297760556,7.649666666666548,764.9666666666667,0.2334742053203879,0.0
alone,0.0175,1,0.2999999999999999,-16.45805051502927,2.039137023879594,-8.497050515029397,7.960999999999874,796.1,0.3421587862844407,0.0
alone,0.0175,1,0.4,-22.101968147392054,1.7182394602226159,-13.82130148072552,8.280666666666535,828.0666666666667,0.4382673146419778,0.0
alone,0.0175,1,0.5,-24.705127637616336,2.753869496487745,-16.210460970949804,8.494666666666529,849.4666666666667,0.5281307552481842,0.0
alone,0.07,1,0.0,-9.793897342481365,2.037120613978125,2.8601026575184476,12.653999999999815,711.2,0.0,0.0
alone,0.07,1,0.1,-15.958303697088398,1.8976352728015993,-2.746970363755261,13.211333333333135,740.9,0.12362942205907093,0.0
alone,0.07,1,0.2,-20.47125729776035,2.2058918322136454,-6.819257297760556,13.651999999999793,764.9666666666667,0.2334742053203879,0.0
alone,0.07,1,0.2999999999999999,-22.723383848362513,2.0438099147204687,-8.497050515029397,14.226333333333114,796.1,0.3421587862844407,0.0
alone,0.07,1,0.4,-28.634968147391955,1.7420461849147213,-13.82130148072552,14.813666666666437,828.0666666666667,0.4382673146419778,0.0
alone,0.07,1,0.5,-31.40646097094957,2.8319094071999458,-16.210460970949804,15.195999999999763,849.4666666666667,0.5281307552481842,0.0
queued,0.0,1,0.0,-0.7876386296218604,1.4304739791537615,-0.7876386296218604,0.0,259.73333333333335,0.0,451.46666666666664
queued,0.0,1,0.1,-4.387517298171207,2.300069290651336,-4.387517298171207,0.0,321.8666666666667,0.26278551000145545,419.03333333333336
queued,0.0,1,0.2,-15.039748075812062,3.3084786673634436,-15.039748075812062,0.0,378.6666666666667,0.4338297178904037,386.3
queued,0.0,1,0.2999999999999999,-18.299372779076553,3.863998796569763,-18.299372779076553,0.0,440.7,0.5676547230330901,355.4
queued,0.0,1,0.4,-25.445703963745874,3.9432587705756923,-25.445703963745874,0.0,502.93333333333334,0.6596889845832641,325.1333333333333
queued,0.0,1,0.5,-27.310545094383208,5.150125437716419,-27.310545094383208,0.0,560.4333333333333,0.7350422892352726,289.03333333333336
queued,0.0175,0,0.0,-1.6457018743389034,1.4232580863108348,-0.7876386296218603,0.8580632447170429,259.73333333333335,0.0,451.46666666666664
queued,0.0175,0,0.1,-5.7990715937945545,2.303707411508285,-4.387517298171207,1.4115542956233478,321.8666666666667,0.26278551000145545,419.03333333333336
queued,0.0175,0,0.2,-16.968179755911144,3.322395281977798,-15.039748075812062,1.9284316800990817,378.6666666666667,0.4338297178904037,386.3
queued,0.0175,0,0.2999999999999999,-20.7928217245359,3.8748843616906097,-18.299372779076545,2.493448945459355,440.7,0.5676547230330901,355.4
queued,0.0175,0,0.4,-28.472166135054586,3.949497727381281,-25.44570396374587,3.0264621713087134,502.93333333333334,0.6596889845832641,325.1333333333333
queued,0.0175,0,0.5,-30.833646125306355,5.167050342852227,-27.310545094383208,3.523101030923146,560.4333333333333,0.7350422892352726,289.03333333333336
queued,0.0175,1,0.0,-3.3849719629551824,1.4291924701587242,-0.7876386296218604,2.597333333333322,259.73333333333335,0.0,451.46666666666664
queued,0.0175,1,0.1,-7.820183964837848,2.299345262903442,-4.387517298171207,3.432666666666641,321.8666666666667,0.26278551000145545,419.03333333333336
queued,0.0175,1,0.2,-19.24241474247869,3.3178719518476427,-15.039748075812062,4.202666666666629,378.6666666666667,0.4338297178904037,386.3
queued,0.0175,1,0.2999999999999999,-23.341372779076494,3.8736157269077767,-18.299372779076545,5.0419999999999465,440.7,0.5676547230330901,355.4
queued,0.0175,1,0.4,-31.32603729707914,3.9409435947215603,-25.445703963745874,5.880333333333264,502.93333333333334,0.6596889845832641,325.1333333333333
queued,0.0175,1,0.5,-33.946878427716456,5.1598124284382765,-27.310545094383208,6.6363333333332495,560.4333333333333,0.7350422892352726,289.03333333333336
queued,0.07,1,0.0,-5.402305296288509,1.410338548429098,-0.7876386296218603,4.61466666666665,259.73333333333335,0.0,451.46666666666664
queued,0.07,1,0.1,-11.566183964837826,2.318842482020849,-4.387517298171207,7.1786666666666195,321.8666666666667,0.26278551000145545,419.03333333333336
queued,0.07,1,0.2,-24.586081409145326,3.3656771512531494,-15.039748075812062,9.546333333333267,378.6666666666667,0.4338297178904037,386.3
queued,0.07,1,0.2999999999999999,-30.46337277907646,3.911871970308512,-18.299372779076545,12.16399999999991,440.7,0.5676547230330901,355.4
queued,0.07,1,0.4,-40.07537063041243,3.9697534459690567,-25.44570396374587,14.629666666666559,502.93333333333334,0.6596889845832641,325.1333333333333
queued,0.07,1,0.5,-44.252545094383095,5.226233917335848,-27.310545094383208,16.941999999999886,560.4333333333333,0.7350422892352726,289.03333333333336
