quoter,informed_fraction,calibration_bias,pnl,pnl_sem,settled_pnl,fills,spread,inventory
GM,0.1,-0.1,-26.21825925131413,10.200444176008334,-6.241727842590867,938.65,0.011120082046796289,506.17
GM,0.1,-0.05,-3.304897311291417,6.7390852411658475,9.975370421366119,843.89,0.011249739991273648,346.57
GM,0.1,0.0,0.22520950220433447,0.646194941226223,-0.7209656286613189,743.28,0.011194504820965874,35.26
GM,0.1,0.05,-23.95001008576074,6.643353335756626,-37.112100135263574,848.0,0.011268662109543155,345.48
GM,0.1,0.1,-56.49081990668291,10.24238239827994,-75.39491009056384,942.41,0.01117490045154468,505.99
GM,0.2999999999999999,-0.1,-32.25548544784358,16.543966795720365,0.3595303551091091,1141.83,0.01963430085821562,822.15
GM,0.2999999999999999,-0.05,-1.2317988526951449,10.032133999330012,19.652919696041202,910.69,0.01884695349857635,519.37
GM,0.2999999999999999,0.0,0.6555678574116501,0.5920396266717434,1.8635999516023785,692.7,0.018055890244343918,43.5
GM,0.2999999999999999,0.05,-31.314067242039652,9.96671255558138,-48.17093988114432,913.92,0.01886804493695069,522.82
GM,0.2999999999999999,0.1,-81.4102796425058,16.706180064157294,-108.98042353996212,1145.88,0.01970902980007368,827.42
GM,0.5,-0.1,-24.463447697313892,21.030019625690286,16.13889326709566,1253.67,0.029228697273719673,1049.23
GM,0.5,-0.05,3.7125440985454263,11.166543757173583,26.101539797524378,862.92,0.025670269949559482,578.04
GM,0.5,0.0,1.3908833099663491,0.49424610936392754,2.4322255038343883,607.06,0.02397459234810376,36.2
GM,0.5,0.05,-29.979528408158725,11.060868823856604,-48.67826876802108,869.08,0.02571941478864814,581.68
GM,0.5,0.1,-86.71725488210676,21.101327418306585,-119.85372573579916,1259.65,0.029334807617969208,1053.23
"GM, no-jump model",0.1,-0.1,-26.688515839441628,10.224800889982236,-6.616806041889578,939.66,0.00997627420097933,506.96
"GM, no-jump model",0.1,-0.05,-3.6444147109540954,6.771623945710075,9.832190009299616,846.99,0.0100863093795876,348.11
"GM, no-jump model",0.1,0.0,-0.3647451463788212,0.6627466088508218,-1.2210241513913904,747.2,0.010035331501920298,35.52
"GM, no-jump model",0.1,0.05,-24.43564784116339,6.65874298809592,-37.69637464890066,851.18,0.010099478552979197,346.9
"GM, no-jump model",0.1,0.1,-56.91987911005426,10.258521647754323,-75.9685978774191,943.35,0.010011961842366553,506.61
"GM, no-jump model",0.2999999999999999,-0.1,-32.39313283122683,16.52325414498424,0.20924140102030364,1142.68,0.01746140924188143,821.64
"GM, no-jump model",0.2999999999999999,-0.05,-1.6924139612785598,10.040899837478587,19.26532736090182,916.24,0.016811126077308464,519.04
"GM, no-jump model",0.2999999999999999,0.0,0.07511135606154892,0.604876132300851,1.5623506663758826,704.4,0.016153701712596422,44.26
"GM, no-jump model",0.2999999999999999,0.05,-31.89228997132403,9.963602387855403,-48.692660178015956,919.98,0.016824213284327465,523.3
"GM, no-jump model",0.2999999999999999,0.1,-81.67266837868948,16.689005217726216,-109.2898516164741,1147.06,0.017500837530112393,827.3
"GM, no-jump model",0.5,-0.1,-24.110123532463195,20.889920188380366,16.342819520407193,1251.78,0.025155474830787755,1042.96
"GM, no-jump model",0.5,-0.05,3.3387139023399985,11.088245760224783,25.81846311378056,872.35,0.022482725252884226,574.49
"GM, no-jump model",0.5,0.0,0.5744508790023856,0.5033620729890916,1.5239070749642292,629.71,0.021238332712825367,36.55
"GM, no-jump model",0.5,0.05,-30.244507638975648,10.956321727902857,-49.13341294708942,878.65,0.02250445448908156,578.45
"GM, no-jump model",0.5,0.1,-86.10166544188695,20.947002600533338,-119.33339912101222,1258.93,0.025200881618834433,1047.95
"GM, thinks 10% informed",0.1,-0.1,-26.21825925131413,10.200444176008334,-6.241727842590867,938.65,0.011120082046796289,506.17
"GM, thinks 10% informed",0.1,-0.05,-3.304897311291417,6.7390852411658475,9.975370421366119,843.89,0.011249739991273648,346.57
"GM, thinks 10% informed",0.1,0.0,0.22520950220433447,0.646194941226223,-0.7209656286613189,743.28,0.011194504820965874,35.26
"GM, thinks 10% informed",0.1,0.05,-23.95001008576074,6.643353335756626,-37.112100135263574,848.0,0.011268662109543155,345.48
"GM, thinks 10% informed",0.1,0.1,-56.49081990668291,10.24238239827994,-75.39491009056384,942.41,0.01117490045154468,505.99
"GM, thinks 10% informed",0.2999999999999999,-0.1,-43.275905766880186,17.262303623863858,-9.43360263092348,1174.54,0.011411841148170142,856.74
"GM, thinks 10% informed",0.2999999999999999,-0.05,-6.2941878053699885,11.510351412438993,17.61267924366736,987.98,0.011387375259828645,593.56
"GM, thinks 10% informed",0.2999999999999999,0.0,-2.1016394560552865,0.7043445217696936,-0.6996010932024557,754.53,0.0111490979277497,59.21
"GM, thinks 10% informed",0.2999999999999999,0.05,-41.59472984633882,11.484527679565423,-60.73967837309852,991.5,0.011403946170299805,596.96
"GM, thinks 10% informed",0.2999999999999999,0.1,-94.72444262864792,17.484591931301342,-123.8220924986547,1178.74,0.011464037238882285,862.48
"GM, thinks 10% informed",0.5,-0.1,-57.01469994349106,24.242330998141302,-11.213713286133316,1401.09,0.011719270241065519,1201.79
"GM, thinks 10% informed",0.5,-0.05,-8.056845166315263,15.841151214719062,23.89674928087959,1105.93,0.01150187183179892,815.37
"GM, thinks 10% informed",0.5,0.0,-3.3644483692757334,0.7113998817785966,-1.837344982257599,764.96,0.011105834907423484,69.86
"GM, thinks 10% informed",0.5,0.05,-55.37097016583749,15.757823005338853,-81.58782462528015,1111.02,0.011517554881469626,818.06
"GM, thinks 10% informed",0.5,0.1,-128.71817644718402,24.498768569698406,-168.0970601730041,1407.85,0.011768100551340659,1207.37
fixed 0.04,0.1,-0.1,-19.1338453063307,8.948422175120937,-1.3916264433906123,893.48,0.03692981130931474,455.94
fixed 0.04,0.1,-0.05,-1.51408229782764,5.23775971282705,9.082028625183355,787.87,0.03797119209458009,278.69
fixed 0.04,0.1,0.0,0.20236799298153238,0.6656477937790772,-1.025084385898583,720.42,0.03807494868375985,20.26
fixed 0.04,0.1,0.05,-17.563324336720832,5.218577234292746,-28.747517416679763,790.4,0.03809184984998715,278.62
fixed 0.04,0.1,0.1,-45.776169308537035,8.979405122477457,-63.263932130445454,897.29,0.037167527990359744,455.07
fixed 0.04,0.2999999999999999,-0.1,-40.38050174671911,15.313771013277856,-9.555461469257327,1102.24,0.03692981130931474,779.54
fixed 0.04,0.2999999999999999,-0.05,-11.556897911289843,9.025179290935746,7.288201491301313,902.54,0.03797119209458009,480.42
fixed 0.04,0.2999999999999999,0.0,-9.61795452120667,0.6194095070707384,-8.981171120550814,770.27,0.03807494868375985,30.23
fixed 0.04,0.2999999999999999,0.05,-39.21195878593572,9.021710743251578,-55.610448822306196,903.21,0.03809184984998715,479.97
fixed 0.04,0.2999999999999999,0.1,-86.58337110391378,15.467101808411833,-113.75471649843456,1103.52,0.037167527990359744,781.72
fixed 0.04,0.5,-0.1,-60.95829274139578,21.742211348948477,-19.108943953250375,1305.94,0.03692981130931474,1102.46
fixed 0.04,0.5,-0.05,-20.257319301151153,12.900635619975514,5.456850095325498,1014.51,0.03797119209458009,682.83
fixed 0.04,0.5,0.0,-17.855179991234937,0.6983770525309211,-16.684135848376094,817.85,0.03807494868375985,37.87
fixed 0.04,0.5,0.05,-59.90759162882595,12.945197219024292,-81.85085537258165,1015.51,0.03809184984998715,683.25
fixed 0.04,0.5,0.1,-125.7402017468004,21.975780186622185,-161.8538990078741,1309.86,0.037167527990359744,1105.72
inventory k=.002,0.1,-0.1,0.7384602532735512,1.8103021131359687,2.4478572011920243,722.62,0.03907945380210757,40.88
inventory k=.002,0.1,-0.05,0.7974536293173722,0.9664003540915361,1.70211719499236,718.31,0.038961951591571405,21.97
inventory k=.002,0.1,0.0,-0.26982217514653195,0.2860717779267576,-0.25300759541568973,722.58,0.03805851443158595,5.36
inventory k=.002,0.1,0.05,-0.9082233695925899,0.9820813342122194,-1.7601575066550208,718.63,0.038879482991824935,23.49
inventory k=.002,0.1,0.1,-2.5987072338508175,1.838160363102788,-4.113515000934276,724.28,0.0389630057075541,43.26
inventory k=.002,0.2999999999999999,-0.1,-7.164184823337047,1.9708095893728348,-5.486083649704675,752.72,0.038903976638480844,41.52
inventory k=.002,0.2999999999999999,-0.05,-7.588448623860167,1.017661360605657,-6.779467325587517,756.42,0.03864565307714904,22.38
inventory k=.002,0.2999999999999999,0.0,-8.897997506435283,0.29901706153621505,-8.961156387619756,767.07,0.03779065551788042,5.95
inventory k=.002,0.2999999999999999,0.05,-9.24775865482741,1.0987312963248435,-10.10518249223372,756.42,0.03866413636116853,24.06
inventory k=.002,0.2999999999999999,0.1,-10.536094077207403,2.0646895277106143,-12.043748652620716,756.97,0.03882651667315866,44.37
inventory k=.002,0.5,-0.1,-15.095104875208659,2.121047065251912,-13.502120613726133,781.93,0.038899513182475066,42.65
inventory k=.002,0.5,-0.05,-15.910118374200056,1.127657749687666,-15.146419053686522,793.25,0.03859905651484749,23.01
inventory k=.002,0.5,0.0,-17.45655934711508,0.4373864742191151,-17.56613084347787,810.36,0.03768738373679278,6.1
inventory k=.002,0.5,0.05,-17.57918676775575,1.2051522496237996,-18.428888791343773,792.16,0.03852182249036975,23.14
inventory k=.002,0.5,0.1,-18.47958711194268,2.2098860439624888,-19.984533532806797,786.14,0.03878731872928861,44.04
