calibration_bias,seed,terminal_pnl,fill_count,spread_capture,adverse_selection,settlement_noise,identity_error,as_INFORMED,as_VALUE,as_NOISE
-0.1,0,-248.35888530930376,1179,23.580000000000027,-98.29407866475654,-173.64480664454754,3.126388037344441e-13,-59.29382518902729,-36.32612328740366,-2.6741301883256066
-0.1,1,562.7570631339189,1165,23.300000000000026,-94.30936003384825,633.7664231677654,1.7053025658242404e-12,-60.05518361254822,-35.401188657395295,1.147012236095264
-0.1,2,384.24334325662954,1141,22.820000000000014,-94.48544330419561,455.90878656082486,2.8421709430404007e-13,-58.19542072487981,-36.05667917970648,-0.23334339960932216
-0.1,3,380.93528166905617,1142,22.55037838294618,-88.87768695028097,447.26259023639165,6.821210263296962e-13,-57.576341221262155,-32.780295239999006,1.4789495109801691
-0.1,4,294.7306109973142,1115,21.66623089977994,-82.63301423565456,355.69739433318904,2.2737367544323206e-13,-55.908779821210175,-28.877495217827732,2.1532608033833576
-0.1,5,-550.8277287929604,1113,20.356518551443138,-79.6609145227377,-491.5233328216663,4.547473508864641e-13,-49.82851406964859,-30.37633926961006,0.5439388165209634
-0.1,6,366.8097511024214,1131,22.070128693613455,-86.8180723593587,431.55769476816766,1.0231815394945443e-12,-54.33045522742127,-34.235830655579036,1.7482135236416083
-0.1,7,-330.94163655190385,1160,23.20000000000002,-95.57120317189069,-258.57043338001336,1.7053025658242404e-13,-62.39779248092975,-34.67106215413401,1.4976514631730915
-0.1,8,256.95060970397896,1138,21.77155632594351,-85.77235147797876,320.95140485601434,1.1368683772161603e-13,-52.17551299450304,-32.366585690748515,-1.230252792727219
-0.1,9,158.75580380271936,1103,21.090372401857014,-88.3617959577578,226.02722735861997,1.7053025658242404e-13,-53.21241463906867,-35.31120267119812,0.161821352508988
-0.1,10,-306.1862053777245,1193,23.86000000000002,-96.37734336489841,-233.6688620128268,6.821210263296962e-13,-59.32212963900365,-37.49368606485264,0.4384723389578948
-0.1,11,-574.5383001784191,1137,22.128886176814305,-90.77381768705587,-505.89336866817786,2.2737367544323206e-13,-55.51587608368668,-35.751140860177564,0.4931992568083623
-0.1,12,-554.9063631270749,1020,17.69967262592735,-69.00008113851969,-503.60595461448276,2.2737367544323206e-13,-43.631153060519125,-25.91853924253597,0.5496111645354078
-0.1,13,261.8646340511764,1130,21.385261096180322,-89.42296846002147,329.902341415017,5.115907697472721e-13,-55.616699880933226,-35.520669617634866,1.714401038546633
-0.1,14,-300.4204113284188,1164,23.280000000000015,-92.11978694916733,-231.58062437925162,1.1368683772161603e-13,-57.252715613252185,-36.24723901935711,1.3801676834419632
-0.1,15,318.4292556836252,1034,19.10948647803515,-77.10666097227706,376.4264301778697,2.6147972675971687e-12,-45.75395442274281,-29.36631238000859,-1.9863941695256508
-0.1,16,-670.6628041637217,1151,21.433493185720664,-91.20783529623114,-600.8884620532115,2.2737367544323206e-13,-55.1096206949377,-34.32286033682105,-1.7753542644723832
-0.1,17,-439.69055721876737,1147,22.746862140841174,-89.82603624300752,-372.61138311660136,3.410605131648481e-13,-56.3405100444938,-35.59242525712484,2.1068990586111163
-0.1,18,-289.53496239447577,1139,22.780000000000022,-90.99264609030888,-221.32231630416692,0.0,-58.17843985931789,-34.425360842932626,1.6111546119416453
-0.1,19,570.9963880613225,1140,22.80000000000002,-94.1796511427701,642.3760392040929,3.410605131648481e-13,-56.922139766240846,-36.25252152111655,-1.0049898554126961
-0.1,20,-232.8913744050352,1139,22.780000000000022,-92.87307389025213,-162.7983005147836,4.831690603168681e-13,-57.02409825812643,-34.686775025369286,-1.1622006067564064
-0.1,21,-434.3668994854337,1185,23.70000000000001,-94.58591074457757,-363.4809887408566,4.547473508864641e-13,-60.45431902779532,-33.74080594697422,-0.39078576980801993
-0.1,22,-448.8498533750605,1149,22.980000000000015,-90.74992667580449,-381.079926699256,0.0,-56.976227703962834,-36.87857447505937,3.104875503217716
-0.1,23,139.2334065090466,1118,19.42072666652765,-79.27262012825574,199.08529997077457,1.1368683772161603e-13,-50.71997835836407,-28.709213107377238,0.1565713374855704
-0.1,24,220.28801331476024,1127,20.86675810105561,-83.16153383636308,282.5827890500668,8.810729923425242e-13,-54.80396934561404,-28.982828620032816,0.6252641292837879
-0.1,25,-376.80293012705016,1183,23.660000000000018,-97.05425288560573,-303.4086772414448,3.979039320256561e-13,-61.411039736958756,-33.6547885258674,-1.9884246227795588
-0.1,26,170.78375340088698,1046,19.27452538008518,-77.34066471570225,228.84989273650382,2.2737367544323206e-13,-47.820814587433496,-29.126718884227486,-0.3931312440412614
-0.1,27,425.8576809721024,1207,24.140000000000015,-97.31082421841927,499.0285051905217,5.684341886080802e-14,-61.973764261177124,-37.069362686090074,1.7323027288479127
-0.1,28,412.7095946556229,1128,22.560000000000016,-93.68368169229963,483.8332763479226,1.1368683772161603e-13,-57.95708258459263,-35.76451332959439,0.03791422188738203
-0.1,29,-286.32262538935163,1173,23.46000000000002,-95.83998504812119,-213.94264034123034,1.1368683772161603e-13,-60.97801871749361,-35.54983607230312,0.6878697416755407
-0.08,0,-207.66077234024863,1090,21.800000000000026,-75.85787533696683,-153.60289700328195,1.1368683772161603e-13,-45.866240621676404,-27.857504526964817,-2.1341301883256047
-0.08,1,502.0967844093984,1083,21.660000000000018,-73.57896440527634,554.0157488146745,2.8421709430404007e-13,-47.328964017191026,-27.21701262418057,0.9670122360952653
-0.08,2,346.8521420200395,1055,21.10000000000002,-73.92408300653142,399.6762250265708,5.684341886080802e-14,-45.826405218125686,-28.004334388796412,-0.09334339960932292
-0.08,3,338.7316358992343,1057,20.91529591541746,-68.60118119238976,386.4175211762068,1.7053025658242404e-13,-44.84017029218133,-24.864811590926784,1.1038006907183435
-0.08,4,261.9873887805449,1032,20.145917998473507,-64.72660423498401,306.56807501705515,2.8421709430404007e-13,-44.478313498750204,-21.832503438138698,1.584212701904898
-0.08,5,-469.26668062306544,1026,18.974237406713645,-62.510260584287266,-425.7306574454924,5.684341886080801e-13,-39.006353520638825,-23.765105432789056,0.2611983691406158
-0.08,6,337.0031395829822,1076,21.1240373473392,-68.13277682004521,384.0118790556889,6.821210263296962e-13,-43.47276461758247,-26.332511284242518,1.672499081779775
-0.08,7,-279.34340344062474,1079,21.58000000000002,-74.48491022839914,-226.43849321222575,1.1368683772161603e-13,-49.80770600020863,-25.914855691363588,1.237651463173091
-0.08,8,231.93219117903269,1056,20.3667053143673,-67.04541512616873,278.6109009908338,3.410605131648481e-13,-40.90258456870609,-24.94781449684515,-1.1950160606175002
-0.08,9,148.16319250448012,1030,19.828297942842205,-69.65854923122345,197.99344379286111,2.5579538487363607e-13,-42.5391552290629,-27.129339068251568,0.009945066091016752
-0.08,10,-262.53081413952617,1130,22.60000000000002,-76.31770351519867,-208.81311062432803,5.115907697472721e-13,-47.22450742514728,-29.53166842900928,0.43847233895789584
-0.08,11,-487.6182378205391,1061,20.90518351948059,-71.36463561946996,-437.1587857205495,2.2737367544323206e-13,-44.414518630342315,-27.19043723284568,0.24032024371804844
-0.08,12,-469.2412788555392,940,16.631671557556956,-53.94249260869138,-431.930457804405,2.8421709430404007e-13,-34.74125949830774,-19.805421309289667,0.6041881989060243
-0.08,13,237.71598322981816,1060,20.33140872105537,-71.20787726845722,288.59245177722005,2.842170943040401e-14,-44.49077325002999,-28.030105751497324,1.3130017330700912
-0.08,14,-250.984290160297,1083,21.660000000000018,-71.19803300322741,-201.44625715706982,1.9895196601282805e-13,-45.083171342316504,-27.395029344352878,1.2801676834419633
-0.08,15,276.02047182460666,949,17.66671975345781,-59.438780713098154,317.792532784249,1.9895196601282805e-12,-35.71836159065789,-22.39143827866831,-1.3289808437719501
-0.08,16,-576.3165943974626,1065,20.185852791297883,-72.03232297133923,-524.4701242174215,2.2737367544323206e-13,-44.123851071469986,-26.216115398599605,-1.692356501269652
-0.08,17,-367.2888223530283,1064,21.16668323948313,-69.76743317861505,-318.6880724138965,1.1368683772161603e-13,-44.33939145797804,-27.009991567234856,1.5819498465978499
-0.08,18,-241.30798644852743,1065,21.30000000000002,-70.93693628868175,-191.67105015984603,3.410605131648481e-13,-45.23959821840591,-27.008492682217486,1.311154611941646
-0.08,19,505.3718592374042,1052,21.04000000000002,-73.3194923958452,557.6513516332494,5.684341886080802e-14,-44.726426420361705,-27.928076120070795,-0.6649898554126957
-0.08,20,-191.91372687936288,1060,21.200000000000017,-72.43248507923781,-140.68124180012512,2.842170943040401e-14,-44.90037777840564,-26.30990669407577,-1.222200606756408
-0.08,21,-370.8486364067247,1100,22.000000000000014,-73.3319862507903,-319.51665015593477,3.410605131648481e-13,-47.41843632121743,-25.62276415976486,-0.2907857698080183
-0.08,22,-381.45318136264154,1061,21.220000000000017,-69.93870699588808,-332.7344743667529,5.684341886080801e-13,-44.34366808296088,-28.39991441614492,2.8048755032177173
-0.08,23,127.77417493688594,1044,18.606162658911323,-63.83899707833493,173.00700935630934,1.9895196601282805e-13,-40.91146325762189,-23.208529586516555,0.2809957658035269
-0.08,24,199.32236567315476,1052,19.78367247882243,-65.17643008671953,244.71512328105155,3.126388037344441e-13,-43.79551578823755,-21.88811109328634,0.5071967948043663
-0.08,25,-317.227550811556,1111,22.22000000000002,-75.49945497059238,-263.9480958409642,5.684341886080801e-13,-48.19063065839233,-25.740399689420503,-1.568424622779561
-0.08,26,155.07398011168718,982,18.35776627677224,-61.39303614351503,198.10924997842943,5.400124791776761e-13,-38.17998765872849,-22.611835462807303,-0.6012130219792368
-0.08,27,383.3180778565724,1131,22.62000000000002,-75.6703668368456,436.36844469341753,4.547473508864641e-13,-49.04884117473031,-28.313828390963195,1.6923027288479142
-0.08,28,363.9502159073852,1040,20.80000000000002,-72.91489212521226,416.06510803259744,0.0,-45.547913443357,-27.28489290374265,-0.08208577811262052
-0.08,29,-239.5546637895549,1086,21.72000000000002,-74.75474162791386,-186.51992216164146,3.979039320256561e-13,-47.68700080564369,-27.635610563945704,0.5678697416755398
-0.0599999999999999,0,-159.59498296275768,993,19.859999999999996,-55.23320881720669,-124.2217741455508,1.9895196601282805e-13,-33.39090758966264,-20.248171039218448,-1.5941301883256058
-0.0599999999999999,1,397.9341369398848,975,19.5,-53.87032059409382,432.30445753397896,3.410605131648481e-13,-34.99746679016116,-19.65986604002792,0.7870122360952647
-0.0599999999999999,2,280.81738568122694,960,19.20000000000001,-55.03115277200901,316.64853845323603,1.1368683772161603e-13,-34.6113054689157,-20.466503903483975,0.046656600390677205
-0.0599999999999999,3,264.0177607736149,937,18.55843315341759,-50.28771784280565,295.7470454630029,5.684341886080802e-14,-32.73737176222294,-18.27525349192684,0.7249074113441344
-0.0599999999999999,4,212.66191537151735,944,18.487901285593914,-48.26765075003319,242.44166483595654,8.526512829121202e-14,-33.38573818217078,-15.89448300629944,1.0125704384370315
-0.0599999999999999,5,-364.3788661628344,923,17.451342342476103,-46.649840154181426,-335.18036835112935,2.8421709430404007e-13,-29.838482967290616,-16.841334392627754,0.02997720573694468
-0.0599999999999999,6,281.2226014995626,981,19.326657861703573,-50.30219127803459,312.198134915894,3.979039320256561e-13,-32.28193120871531,-19.597087485679488,1.5768274163602016
-0.0599999999999999,7,-217.25244371119877,1015,20.299999999999997,-57.021377818030636,-180.5310658931676,5.115907697472721e-13,-38.51930862076986,-19.47972066043386,0.9776514631730912
-0.0599999999999999,8,192.42848622481483,967,18.74325322956137,-50.15561496286459,223.8408479581178,2.5579538487363607e-13,-30.73263878382091,-18.270754464454463,-1.1522217145892215
-0.0599999999999999,9,125.57464950519852,939,18.188733947352063,-52.235429642138975,159.6213451999855,8.526512829121202e-14,-31.910962433597685,-20.196163479431487,-0.1283037291098006
-0.0599999999999999,10,-203.6326075959416,1023,20.46,-56.4401134301623,-167.65249416577865,6.536993168992922e-13,-35.315422666589306,-21.563163102530886,0.4384723389578965
-0.0599999999999999,11,-390.2938506811802,963,19.095047941688232,-54.01652194366885,-355.37237667919976,2.2737367544323206e-13,-33.662259525248516,-20.363507393170604,0.009244974750265977
-0.0599999999999999,12,-374.925883158651,864,15.625406567591957,-41.232024321510195,-349.31926540473285,5.684341886080802e-14,-26.964914830186807,-14.977698389054726,0.7105888977313454
-0.0599999999999999,13,195.2101435487493,962,18.66565222962271,-53.81927838792441,230.363769707051,0.0,-33.84167857603761,-20.88940012502824,0.9118003131414302
-0.0599999999999999,14,-190.4026344199076,973,19.46,-52.6006704480206,-157.2619639718871,1.1368683772161603e-13,-33.48729868362334,-20.29353944783923,1.180167683441963
-0.0599999999999999,15,227.90709768561769,863,16.291097720337287,-44.28085294101659,255.89685290629643,5.684341886080801e-13,-26.914477637665833,-16.660020304458143,-0.7063549988926134
-0.0599999999999999,16,-446.2527954258646,958,18.40444405929665,-53.534647494990054,-411.12259199017114,5.684341886080802e-14,-33.094974206981796,-18.877139703890478,-1.562533584117784
-0.0599999999999999,17,-281.6974199035075,973,19.373527394942347,-52.44437328265627,-248.62657401579318,3.979039320256561e-13,-33.295488288375736,-20.20958405599353,1.0606990617129906
-0.0599999999999999,18,-191.59327373121536,968,19.359999999999996,-53.335683814698086,-157.61758991651732,2.842170943040401e-14,-34.30411464438062,-20.04272378225911,1.0111546119416448
-0.0599999999999999,19,412.1850583669717,942,18.839999999999996,-53.86765037821196,447.2127087451838,1.7053025658242404e-13,-33.62460125207387,-19.9180592707254,-0.32498985541269565
-0.0599999999999999,20,-144.71820347596906,973,19.459999999999997,-54.17485329184127,-110.0033501841281,3.126388037344441e-13,-34.15735929564378,-18.73529338944109,-1.2822006067564085
-0.0599999999999999,21,-296.73276120566373,999,19.98,-54.596855187275246,-262.1159060183881,3.979039320256561e-13,-35.55005757800406,-18.85601183946317,-0.19078576980801865
-0.0599999999999999,22,-295.9543912436996,983,19.66000000000001,-51.73394196477189,-263.8804492789276,1.7053025658242404e-13,-33.21056462280157,-21.028252845188028,2.5048755032177166
-0.0599999999999999,23,108.83109010814772,965,17.773976562424394,-49.32386191805471,140.38097546377796,8.526512829121202e-14,-31.680028766124735,-18.002274372985664,0.3584412210556903
-0.0599999999999999,24,164.3602931156774,969,18.41219124185212,-49.18487010499413,195.1329719788191,2.8421709430404007e-13,-33.21335671228762,-16.36029780626749,0.3887844135609766
-0.0599999999999999,25,-246.58770040056936,1016,20.320000000000004,-55.95557581742772,-210.95212458314148,1.7053025658242404e-13,-35.73330097514712,-19.073850219501047,-1.1484246227795625
-0.0599999999999999,26,129.97923824235605,901,17.01034146126731,-46.90876489230298,159.8776616733919,1.9895196601282805e-13,-29.354452246842584,-16.820939556790492,-0.7333730886699047
-0.0599999999999999,27,316.77989363047305,1028,20.560000000000006,-56.32471481951626,352.5446084499895,1.7053025658242404e-13,-37.21382233019623,-20.763195218167937,1.652302728847913
-0.0599999999999999,28,297.5354717118551,955,19.10000000000001,-55.11429813420638,333.54976984606117,2.8421709430404007e-13,-34.487209932249925,-20.42500242384383,-0.20208577811261952
-0.0599999999999999,29,-185.96923966461608,990,19.8,-55.12410298016443,-150.6451366844521,4.263256414560601e-13,-35.827353910213084,-19.74461881162689,0.4478697416755414
-0.04,0,-107.86306276032536,900,18.000000000000014,-38.46323771031162,-87.39982505001385,8.526512829121202e-14,-23.246791156319638,-14.162316365666376,-1.054130188325607
-0.04,1,289.5575675148966,895,17.900000000000013,-38.94623885169034,310.60380636658704,1.1368683772161603e-13,-25.660715041629572,-13.892536046156033,0.607012236095267
-0.04,2,190.74645298986323,875,17.500000000000014,-39.89780146534387,213.14425445520683,2.5579538487363607e-13,-25.490243921145954,-14.594214144588591,0.18665660039067755
-0.04,3,178.05508762344158,843,16.728529954985305,-36.25071416426394,197.5772718327202,0.0,-23.61417489304629,-12.999587028868223,0.36304775765057107
-0.04,4,148.07393705367215,889,17.46219030357517,-36.7300784313339,167.34182518143092,2.842170943040401e-14,-25.238970560074712,-11.916356240608884,0.42524836934969423
-0.04,5,-257.9547620211493,856,16.36318962689662,-34.68457615156127,-239.63337549648463,0.0,-22.35450081539544,-12.18849237689422,-0.1415829592716112
-0.04,6,204.06602340847613,896,17.702162126712377,-36.63938175127332,223.003243033037,8.526512829121202e-14,-23.88991831866212,-14.25066293340998,1.50119950079878
-0.04,7,-146.54034661637752,932,18.640000000000015,-41.751099506371084,-123.42924711000632,1.4210854715202004e-13,-28.217606875437106,-14.25114409410707,0.7176514631730928
-0.04,8,125.57838779166418,881,17.175451655857987,-37.25008738022041,145.65302351602654,7.105427357601002e-14,-22.625363052765756,-13.54547639908489,-1.07924792836976
-0.04,9,87.65505355591074,853,16.624661827573007,-38.551440965911624,109.58183269424936,0.0,-23.43185404427745,-14.901774414948239,-0.21781250668594165
-0.04,10,-142.37650191075966,913,18.260000000000012,-40.28928860453509,-120.34721330622435,2.2737367544323206e-13,-25.700434591997013,-15.027326351495969,0.43847233895789783
-0.04,11,-277.1857816973403,880,17.501553009384274,-39.44600391515003,-255.24133079157454,0.0,-24.759169391896528,-14.476893958930708,-0.20994056432279823
-0.04,12,-265.6154113649211,788,14.551674579448822,-30.111328496377606,-250.0557574479924,5.684341886080802e-14,-20.09234052610078,-10.966195071182788,0.9472071009059593
-0.04,13,140.83108428978304,877,17.22885257745283,-39.91808949238708,163.52032120471722,5.684341886080802e-14,-25.322732453275247,-15.06442536659673,0.469068327484894
-0.04,14,-133.16384468973916,879,17.580000000000013,-37.631163079368434,-113.11268161037081,5.684341886080802e-14,-24.900204524522888,-13.811126238287514,1.0801676834419647
-0.04,15,159.86602510162697,807,15.446356667356905,-32.56819729061537,176.9878657248851,3.410605131648481e-13,-20.31017919808088,-12.095434046220182,-0.162584046314315
-0.04,16,-327.3317220253075,875,17.02115580500465,-40.03841747284314,-304.3144603574691,1.1368683772161603e-13,-24.41846459786391,-14.200113583218656,-1.4198392917605784
-0.04,17,-194.300690044471,922,18.381559055338748,-39.253656513806085,-173.42859258600373,8.526512829121202e-14,-25.115095966276655,-14.668989096288254,0.5304285487588261
-0.04,18,-125.94313910420368,888,17.760000000000012,-38.236362924128706,-105.46677618007485,1.4210854715202004e-13,-24.734972420573087,-14.212545115497262,0.711154611941647
-0.04,19,289.8956024515596,857,17.14000000000001,-38.617995908089995,311.3735983596495,1.1368683772161603e-13,-24.41254679390513,-14.220459258772165,0.01501014458730432
-0.04,20,-93.0633507170283,880,17.600000000000016,-40.08499870903998,-70.57835200798817,1.7053025658242404e-13,-25.42520057523783,-13.317597527045738,-1.3422006067564087
-0.04,21,-198.73384946402848,897,17.940000000000012,-38.110229068372945,-178.56362039565533,2.2737367544323206e-13,-26.163446912604602,-11.85599638596033,-0.09078576980801722
-0.04,22,-204.0315052320802,912,18.240000000000016,-37.828943789890474,-184.4425614421897,2.842170943040401e-14,-24.57185312535799,-15.461966167750202,2.2048755032177163
-0.04,23,79.75400313449377,893,16.84091543182405,-37.30557737121491,100.21866507388451,1.2789769243681803e-13,-24.009938854068565,-13.710956054503507,0.4153175373571666
-0.04,24,120.20682724224292,887,17.041167250683902,-36.481763849779426,139.6474238413386,1.4210854715202004e-13,-24.76307134523602,-11.993547825235595,0.2748553206921915
-0.04,25,-167.06897786817575,905,18.100000000000012,-39.53188390930744,-145.63709395886835,2.842170943040401e-14,-25.415572959928472,-13.38788632659941,-0.7284246227795619
-0.04,26,95.24001130629372,835,15.9656095213653,-35.09007843600749,114.36448022093589,2.842170943040401e-14,-22.202780019144193,-12.062923476686311,-0.8243749401769888
-0.04,27,230.21895277077883,925,18.500000000000014,-40.5291787306175,252.24813150139636,2.842170943040401e-14,-27.51393858367413,-14.627542875791285,1.612302728847912
-0.04,28,198.63755327773225,840,16.80000000000002,-39.13969660352711,220.97724988125918,1.7053025658242404e-13,-24.600330669626754,-14.21728015578774,-0.3220857781126203
-0.04,29,-127.63179170549648,903,18.06000000000001,-39.92597430132145,-105.76581740417464,3.979039320256561e-13,-26.204318391149656,-14.049525651847345,0.32786974167554217
-0.02,0,-55.62114660061234,803,16.060000000000013,-26.898515815513925,-44.78263078509839,3.552713678800501e-14,-16.30279491635972,-10.081590710828596,-0.5141301883256076
-0.02,1,135.20494315996456,799,15.980000000000011,-27.858889968960597,147.0838331289252,5.684341886080802e-14,-18.75007949738414,-9.535822707671723,0.42701223609526784
-0.02,2,92.21463081762211,806,16.12000000000001,-30.349664465197115,106.44429528281913,8.526512829121202e-14,-19.300683454005224,-11.375637611582569,0.3266566003906781
-0.02,3,88.43424901581318,785,15.607120175180704,-27.124068480478144,99.95119732111085,2.2737367544323206e-13,-17.38065745148542,-9.769438993550004,0.02602796455727574
-0.02,4,74.49563915319727,817,16.13798733471357,-28.146999758143345,86.50465157662701,4.263256414560601e-14,-19.07753334249501,-8.886692998299939,-0.182773417348399
-0.02,5,-142.1004432186738,793,15.323944723939128,-26.77599304922338,-130.64839489338965,8.526512829121202e-14,-17.285755045102533,-9.176484820013208,-0.31375318410764025
-0.02,6,116.20213632434644,852,16.877349389202806,-27.543342319202186,126.86812925434594,1.2789769243681803e-13,-17.8016785723378,-11.198105762447316,1.4564420155829316
-0.02,7,-67.87861471855182,876,17.520000000000014,-32.29549298563417,-53.10312173291756,9.947598300641403e-14,-22.440214136524958,-10.312930312282315,0.4576514631730924
-0.02,8,65.52699448992507,848,16.700472637473993,-29.530399957075588,78.35692180952665,1.4210854715202004e-14,-17.782414940046166,-10.749768106995049,-0.9982169100343747
-0.02,9,36.03407460643379,783,15.298063391252619,-29.04267241843157,49.77868363361269,5.684341886080802e-14,-17.964252061244718,-10.807912200130886,-0.2705081570559677
-0.02,10,-77.29874215028991,834,16.680000000000014,-29.144452276213592,-64.83428987407629,4.263256414560601e-14,-18.572246598638785,-11.010678016532705,0.4384723389578976
-0.02,11,-127.01741413248108,833,16.603015886696852,-30.14384343036199,-113.476586588816,7.105427357601002e-14,-19.132273328154817,-10.589512465286212,-0.4220576369209592
-0.02,12,-137.01118521614853,767,14.502919532385638,-24.26031547622753,-127.25378927230668,2.842170943040401e-14,-16.518790681305923,-9.042561067573684,1.3010362726520805
-0.02,13,74.30930245438145,803,15.879854490506915,-29.592833426354236,88.02228139022878,1.4210854715202004e-14,-18.71529574266393,-10.882577241074905,0.005039557384594051
-0.02,14,-74.28868276889102,850,17.000000000000014,-29.28144095777393,-62.0072418111172,8.526512829121202e-14,-20.114280375429168,-10.14732826578673,0.9801676834419665
-0.02,15,74.8221532681798,747,14.46198025242078,-25.125713262933985,85.485886278693,1.4210854715202004e-14,-15.591447272985977,-9.844092229084076,0.30982623913606727
-0.02,16,-181.4923383703794,805,15.828929850562456,-30.260071191529477,-167.06119702941243,5.684341886080802e-14,-18.075544102033454,-10.900764139899607,-1.2837629495964107
-0.02,17,-88.29151288664741,837,16.71123205392236,-30.13225582751873,-74.87048911305098,5.684341886080802e-14,-18.726893825165945,-11.395520038157448,-0.00984196419533645
-0.02,18,-61.80543690511253,816,16.320000000000014,-28.764808729384548,-49.36062817572804,4.263256414560601e-14,-18.401407564253347,-10.774555777072852,0.41115461194164654
-0.02,19,151.98300620403225,806,16.12000000000001,-28.637992205373344,164.50099840940572,1.4210854715202004e-13,-18.45549945986836,-10.537502890092288,0.3550101445873054
-0.02,20,-49.34330896549436,805,16.100000000000016,-30.553668579145885,-34.88964038634839,9.947598300641403e-14,-19.76063767355503,-9.390830298834445,-1.4022006067564088
-0.02,21,-102.18929225147892,812,16.240000000000016,-27.678583894185948,-90.75070835729301,2.842170943040401e-14,-19.121370055313395,-8.56642806906454,0.00921423019198142
-0.02,22,-104.41189149244192,846,16.920000000000016,-28.067849236849305,-93.26404225559246,1.7053025658242404e-13,-18.064054521699685,-11.908670218367337,1.9048755032177156
-0.02,23,39.301746676580315,846,16.270197068509013,-29.053970398309204,52.08552000638046,4.263256414560601e-14,-18.887733076597478,-10.685673094612817,0.5194357729010949
-0.02,24,65.02557019519536,813,15.76244687883168,-27.834524574812868,77.09764789117665,9.947598300641403e-14,-18.798661903958095,-9.224349737683628,0.18848706682885397
-0.02,25,-90.53288709145431,841,16.82000000000001,-29.29024675185324,-78.062640339601,8.526512829121202e-14,-19.329868414555847,-9.651953714517834,-0.30842462277956095
-0.02,26,47.80442115932125,778,14.991608875924648,-27.454869449529888,60.267681732926434,5.684341886080802e-14,-17.416833755475153,-9.104552041282131,-0.9334836527726064
-0.02,27,129.03250848852008,844,16.880000000000017,-29.98497018979211,142.1374786783123,1.4210854715202004e-13,-20.523318784206904,-11.033954134433115,1.5723027288479114
-0.02,28,109.3099079394978,813,16.260000000000012,-31.140732992559244,124.19064093205698,5.684341886080802e-14,-20.03847777559206,-10.660169438854563,-0.4420857781126195
-0.02,29,-73.06352322635382,822,16.440000000000012,-28.85310029728002,-60.65042292907377,4.263256414560601e-14,-18.244975408979926,-10.815994629975638,0.2078697416755429
0.0,0,-11.115699798703416,781,15.124489802243538,-22.760275407702547,-3.4799141932444195,1.2434497875801753e-14,-14.154318732523667,-8.64058595602208,0.034629280843201604
0.0,1,-15.339607459527492,783,15.251054333632656,-24.66350245217277,-5.927159340987418,4.263256414560601e-14,-16.35753190268929,-8.584800610978288,0.27883006149480627
0.0,2,-17.514845010839394,789,15.773522322045139,-27.221156076674333,-6.0672112562102,0.0,-17.55037586449298,-10.13743681257203,0.4666566003906787
0.0,3,-26.374546467354552,777,15.469542346563141,-24.876642436058667,-16.967446377859005,2.1316282072803006e-14,-15.649703192592092,-8.910093627937307,-0.31684561552927054
0.0,4,-24.645981501227094,804,15.964476063807833,-26.517805076494064,-14.092652488540885,2.1316282072803006e-14,-16.682908351151813,-9.055835565925372,-0.7790611594168797
0.0,5,5.355086997228169,795,15.574688858256966,-25.344247955446193,15.124646094417404,7.993605777301127e-15,-16.435096835575962,-8.416153219476312,-0.49299790039392133
0.0,6,11.453138824386526,807,16.01574054227804,-23.32236371455058,18.75976199665906,8.881784197001252e-15,-14.159713136725292,-10.58298380011944,1.4203332222941525
0.0,7,3.0179320977795143,838,16.70819338604008,-28.09887280878329,14.408611520522745,1.9539925233402755e-14,-19.21043388930913,-9.087560726492331,0.1991218070181745
0.0,8,-18.295772591349937,823,16.322947023587346,-26.790918846407443,-7.82780076852984,0.0,-15.865315258683433,-10.048180949904015,-0.8774226378199981
0.0,9,-15.196058159249954,771,15.1815737931324,-26.734721877159174,-3.642910075223171,1.0658141036401503e-14,-16.25135506306326,-10.166424269503885,-0.31694254459202587
0.0,10,-20.678636396593905,791,15.526467271818252,-24.409192088592462,-11.79591157981971,1.7763568394002505e-14,-15.533634691262908,-9.341810251619911,0.46625285429035446
0.0,11,13.0608560110983,799,15.953695388657625,-26.895368284447894,24.002528906888564,5.329070518200751e-15,-17.1121063800432,-9.148272733958633,-0.6349891704460566
0.0,12,8.227188072781841,766,14.757873502711222,-22.488058167193852,15.957372737264489,1.7763568394002505e-14,-15.442021985332506,-8.739420181028727,1.6933839991673825
0.0,13,-12.903329585284473,761,15.13363541350785,-26.12064360097131,-1.9163213978210116,1.7763568394002505e-15,-16.773465551617733,-8.873138144053868,-0.4740399052997084
0.0,14,-14.392279181746382,834,16.292911769806857,-25.770926239170436,-4.914264712382815,1.2434497875801753e-14,-17.940604564789588,-8.688095454248128,0.8577737798672822
0.0,15,-14.829235331144233,776,15.159120015955363,-25.013964847917258,-4.974390499182316,2.1316282072803006e-14,-15.075697072279077,-10.694821391151347,0.7565536155131682
0.0,16,-25.961962110334177,787,15.594160962621418,-26.857390723037163,-14.698732349918423,7.105427357601002e-15,-16.347442545117737,-9.377799918416404,-1.1321482595030234
0.0,17,11.129859134073168,830,16.5027465137008,-27.83453269257828,22.461645312950647,0.0,-16.9827561780508,-10.296219370724177,-0.5555571438033
0.0,18,-0.9823339557957596,786,15.683641155963285,-25.97691253587533,9.310937424116284,0.0,-16.800004098619226,-9.288063049197751,0.11115461194164744
0.0,19,-0.8420541217499875,798,15.61192399691912,-25.594602119243735,9.140624000574622,4.884981308350689e-15,-16.412580945019744,-9.876967015521714,0.694945841297724
0.0,20,-4.358191697632599,777,15.2407094679722,-26.735595253014303,7.136694087409475,2.842170943040401e-14,-17.63261876003107,-7.652801998886307,-1.4501744940969288
0.0,21,-12.32082609718284,794,15.869630945530497,-24.15184567030056,-4.038611372412765,1.2434497875801753e-14,-16.453367140652077,-7.8063549102768715,0.10787638062838739
0.0,22,-1.605678522311326,823,16.460000000000015,-25.281253790768947,7.215575268457606,0.0,-16.182956990884286,-10.703172303102377,1.6048755032177158
0.0,23,-6.835071811311562,827,16.135170851567917,-26.919093770230273,3.9488511073507917,1.7763568394002505e-15,-17.906091156985013,-9.651464274696727,0.6384616614514649
0.0,24,-6.201599222556896,802,15.711811181923405,-25.14542791537383,3.2320175108935216,6.217248937900877e-15,-17.2079317899579,-8.033239268748684,0.09574314333275077
0.0,25,-9.931460885077303,805,15.880456295146516,-24.68644164558181,-1.1254755346420078,3.552713678800501e-15,-16.941183746771433,-7.832841414555686,0.08758351574531009
0.0,26,-12.886433693410469,762,14.845921762543654,-25.691482241857727,-2.0408732140964094,1.4210854715202004e-14,-16.5464831344459,-8.0471717314705,-1.0978273759413284
0.0,27,-1.754991918746357,790,15.800000000000015,-24.820338979601377,7.265347060854992,1.3100631690576847e-14,-17.394328760616,-8.95831294783329,1.5323027288479123
0.0,28,-14.17073803658422,801,16.013257575511517,-28.158907174326743,-2.025088437769,5.329070518200751e-15,-18.47448378482217,-9.122337611391952,-0.5620857781126187
0.0,29,-18.01824303251513,806,15.830133381807688,-25.130892746964754,-8.717483667358056,7.105427357601002e-15,-15.793607634110575,-9.437016437586957,0.09973132473278229
0.02,0,29.280082312280967,797,15.166559074616373,-24.294052569335797,38.4075758070004,7.105427357601002e-15,-15.688288637213535,-9.174578220515627,0.5688142883933652
0.02,1,-168.99169451644278,803,15.412301017781736,-26.88258203706118,-157.52141349716348,1.4210854715202004e-13,-17.924742967637265,-9.085565006748933,0.12772593732501708
0.02,2,-147.4095240351339,802,15.993975279830392,-30.261397999759687,-133.14210131520468,8.526512829121202e-14,-19.774287073300297,-11.093767526850069,0.6066566003906788
0.02,3,-155.00437310915422,840,16.795529557311983,-30.799188597299686,-141.0007140691667,1.7053025658242404e-13,-19.07632796936889,-11.037194851088918,-0.6856657768418828
0.02,4,-123.89502915656524,820,16.400000000000013,-30.5447386920845,-109.75029046448063,1.2789769243681803e-13,-18.778875316038473,-10.345791968663455,-1.4200714073825702
0.02,5,138.37251122185756,842,16.84000000000001,-29.633547117379827,151.16605833923734,5.684341886080802e-14,-19.499974567003967,-9.471904313631276,-0.6616682367445814
0.02,6,-92.55104286879396,852,17.03849271512946,-27.130737766980786,-82.45879781694256,7.105427357601002e-14,-16.262517502230473,-12.21006077191501,1.3418405071646995
0.02,7,63.211048779599054,843,16.760762272752697,-31.99437492012059,78.44466142696646,4.831690603168681e-13,-21.197872040301956,-10.748384817674767,-0.04811806214386616
0.02,8,-108.6891535593374,845,16.900000000000013,-30.082465486300478,-95.50668807303683,1.1368683772161603e-13,-18.149153154242157,-11.212634403774373,-0.7206779282839499
0.02,9,-77.72517160908465,793,15.860000000000008,-30.09477026939732,-63.49040133968721,1.2789769243681803e-13,-17.919730617288085,-11.8493910578945,-0.3256485942147389
0.02,10,36.39796388414885,822,15.902031655374056,-26.8601299303834,47.35606215915807,1.2789769243681803e-13,-17.244199828224655,-10.164509055287654,0.5485789531289069
0.02,11,128.82260043829484,833,16.66000000000001,-31.796083344614246,143.95868378290902,5.684341886080802e-14,-20.28480714848922,-10.666287025678969,-0.8449891704460567
0.02,12,151.60315586245997,780,15.600000000000005,-26.3166021205732,162.31975798303318,2.842170943040401e-14,-17.9620070144032,-10.451891839354975,2.097296733184976
0.02,13,-112.72347255051638,772,15.440000000000012,-30.33946559624543,-97.82400695427083,1.2789769243681803e-13,-19.484803257670784,-9.894643142502064,-0.9600191960725771
0.02,14,45.494669190908525,873,16.851142912735902,-29.877720010201234,58.521246288373604,2.5579538487363607e-13,-20.76660817733992,-9.821172145878311,0.7100603130169939
0.02,15,-103.2447036331044,817,16.267277001341732,-29.815953696059196,-89.69602693838684,8.526512829121202e-14,-18.172606347190165,-12.800151130795237,1.1568037819262091
0.02,16,133.19697747014592,830,16.600000000000005,-30.061248395234138,146.65822586538025,1.9895196601282805e-13,-18.506765000227297,-10.562335135503819,-0.9921482595030233
0.02,17,109.46927260033362,853,16.873373226273984,-32.3306553979285,124.92655477198815,0.0,-19.235813326093854,-11.99187712826299,-1.102964943571655
0.02,18,53.04938706291401,799,15.899900565455983,-29.137474208024948,66.2869607054831,1.2789769243681803e-13,-18.670411664023163,-10.281529842882641,-0.18553270111913922
0.02,19,-153.02519660078667,831,15.953765628363524,-27.28136909906061,-141.69759313008961,2.842170943040401e-14,-17.474359605381807,-10.838571071372487,1.0315615776936808
0.02,20,34.11441124381278,810,15.619612841066818,-30.42435555735112,48.919153960096935,1.4921397450962104e-13,-19.52675586883388,-9.41553606521789,-1.4820636232993492
0.02,21,75.86401842517277,817,16.281498089740268,-28.113755888442043,87.69627622387438,1.7053025658242404e-13,-18.83319618887608,-9.475273168644534,0.19471346907857062
0.02,22,99.60906542387522,824,16.480000000000015,-28.34663453783601,111.47569996171116,5.684341886080802e-14,-17.32338028275165,-12.328129758302076,1.304875503217716
0.02,23,-61.89880877807358,833,16.660000000000004,-29.903743212835526,-48.65506556523805,7.105427357601002e-15,-20.369950106011224,-10.200584026567995,0.6667909197436909
0.02,24,-77.43797169726241,836,16.72000000000001,-29.7845741081288,-64.37339758913362,0.0,-19.848009909241256,-9.905334565372911,-0.03122963351463623
0.02,25,58.52538675622778,842,16.55244735493713,-27.44265403079627,69.41559343208704,1.1368683772161603e-13,-19.34044682322749,-8.554870824657495,0.45266361708871994
0.02,26,-73.04261661376447,793,15.86000000000001,-30.57316898032424,-58.32944763344025,1.4210854715202004e-14,-19.747924820371402,-9.516524559922006,-1.3087196000308334
0.02,27,-126.49004276525918,828,16.56000000000001,-28.43391161511711,-114.6161311501421,2.842170943040401e-14,-19.898420750285183,-10.027793593679842,1.492302728847914
0.02,28,-149.07184140476355,799,15.965560862759009,-30.46853988631003,-134.56886238121257,2.842170943040401e-14,-20.360638546575018,-9.425815561622391,-0.6820857781126196
0.02,29,39.6344254515474,813,15.739465860027792,-25.886292334244025,49.78125192576354,9.237055564881302e-14,-16.149926658387887,-9.749081049044467,0.012715373188329271
0.04,0,61.96590811221273,856,16.03049773074312,-31.63899988874285,77.57441027021247,1.4210854715202004e-14,-20.34363544088336,-12.38984560690604,1.0944811590465524
0.04,1,-305.07133211436405,848,15.882961777948413,-33.786989318394646,-287.1673045739174,3.979039320256561e-13,-22.02542773503025,-11.747161994454528,-0.014399588909870531
0.04,2,-265.3717380910596,877,17.44751001802974,-40.664869282760804,-242.15437882632838,1.7053025658242404e-13,-26.674585033680415,-14.734571506752378,0.7442872576719903
0.04,3,-279.3877458004459,918,18.342544877046087,-41.977352049395705,-255.7529386280963,5.684341886080802e-14,-25.443278161630104,-15.468408110923727,-1.0656657768418822
0.04,4,-218.27393101465023,866,17.320000000000014,-40.497655709284274,-195.09627530536596,0.0,-24.42922925276786,-13.948355049133845,-2.1200714073825693
0.04,5,258.6186150134708,899,17.98000000000001,-39.443163242909066,280.0817782563798,5.684341886080802e-14,-25.32930862813525,-13.29218637802923,-0.821668236744582
0.04,6,-207.29461988166,912,18.217509187749787,-36.99751269102336,-188.51461637838628,1.4210854715202004e-13,-21.612415499354558,-16.62478778621036,1.2396905945415557
0.04,7,117.89316870254764,903,17.849074891407334,-41.74428548002506,141.78837929116506,3.126388037344441e-13,-27.31373461122227,-14.153613838602224,-0.27693703020057026
0.04,8,-201.9355539181951,924,18.477421908890634,-40.737997486053956,-179.67497834103165,1.4210854715202004e-13,-24.054846767852972,-16.125050881026425,-0.5580998371745682
0.04,9,-138.57048067713018,888,17.76000000000001,-40.873449438464064,-115.45703123866576,3.694822225952521e-13,-24.253930324416153,-16.313870519833173,-0.3056485942147392
0.04,10,85.78351348889964,880,16.72690337038038,-34.97690986706972,104.03351998558882,1.5631940186722204e-13,-21.95117167982279,-13.679129058579624,0.6533908713326917
0.04,11,240.51981137505732,885,17.70000000000001,-41.789072613652934,264.6088839887102,2.842170943040401e-14,-26.438764457360715,-14.305318985846156,-1.0449891704460557
0.04,12,288.81411156910764,885,17.700000000000006,-36.62412841069231,307.7382399797999,0.0,-24.713356603438115,-14.408068540439173,2.497296733184977
0.04,13,-195.15133786905184,846,16.92000000000001,-41.188345203324296,-170.88299266572764,8.526512829121202e-14,-25.854345847533803,-13.89398015971792,-1.4400191960725768
0.04,14,94.70760627118864,915,17.40357388721135,-37.37508625205152,114.67911863602899,1.8474111129762605e-13,-25.284627399792655,-12.658943330646531,0.5684844783876661
0.04,15,-197.33651072176636,883,17.502916249447416,-40.5336400889057,-174.30578688230833,2.5579538487363607e-13,-24.15867358222875,-17.85810364490647,1.4831371382295186
0.04,16,263.5180371694379,879,17.580000000000005,-38.89584795184011,284.8338851212781,1.1368683772161603e-13,-23.70657477947505,-14.317124912862038,-0.8721482595030227
0.04,17,179.1116510697086,891,17.444550793199806,-41.28158941183658,202.94868968834544,5.684341886080802e-14,-24.49812638352239,-15.129626828515644,-1.6538361997985518
0.04,18,96.83548427957822,880,17.39761955548395,-39.507581172033824,118.94544589612856,4.547473508864641e-13,-24.913425011274732,-14.117718822812412,-0.4764373379466701
0.04,19,-296.51643189488726,882,16.618890809356028,-34.630460383016676,-278.5048623212268,2.2737367544323206e-13,-22.02490776979046,-13.94286092622282,1.3373083129966088
0.04,20,64.88506942037213,887,16.811972144125697,-39.68053953976,87.75363681600737,9.379164112033322e-13,-25.20648166261167,-12.99619866005277,-1.477859217095561
0.04,21,160.79905993766607,895,17.77797137385383,-38.25121678378825,181.27230534760008,3.979039320256561e-13,-24.360626272246577,-14.153478918634027,0.26288840709234645
0.04,22,176.9699387351727,882,17.640000000000015,-38.23360083324411,197.56353956841673,5.684341886080802e-14,-23.204910514614454,-16.033565821847375,1.0048755032177161
0.04,23,-118.5883123472816,906,18.120000000000005,-39.61783138686015,-97.09048096042127,1.7053025658242404e-13,-26.814418563913552,-13.410203742690298,0.6067909197436911
0.04,24,-156.12787758025718,881,17.620000000000005,-39.20815145232888,-134.53972612792842,1.1368683772161603e-13,-25.239381912096903,-13.797539906717333,-0.17122963351463585
0.04,25,123.69782829755349,920,17.976863792972857,-36.59074268016721,142.3117071847479,5.684341886080802e-14,-25.88976967617203,-11.499533390481036,0.7985603864858587
0.04,26,-135.56693541350774,862,17.24000000000001,-40.92170787718284,-111.88522753632478,1.1368683772161603e-13,-26.429403404442944,-12.963584872709056,-1.5287196000308327
0.04,27,-249.63966264888188,903,18.060000000000016,-38.168389203020745,-229.5312734458613,1.4210854715202004e-13,-26.226573377956626,-13.394118553912032,1.4523027288479131
0.04,28,-292.5119638720308,880,17.57953829904562,-41.779874694247084,-268.3116274768291,2.2737367544323206e-13,-27.884293833609785,-13.093495082524687,-0.8020857781126202
0.04,29,85.17399712731543,859,16.31052718889711,-33.59859134772036,102.4620612861386,7.105427357601002e-14,-20.647555286164312,-12.89986558861872,-0.051170472937324796
0.0599999999999999,0,87.34890344419017,948,17.45521749546785,-43.39590092875399,113.28958687747732,1.0089706847793423e-12,-27.837582807204278,-17.195597331622448,1.6372792100727316
0.0599999999999999,1,-429.7011763057456,927,17.075124727955632,-44.6955509958161,-402.0807500378834,1.7621459846850485e-12,-29.013907202781716,-15.6320684036191,-0.049575389415282944
0.0599999999999999,2,-370.2343641421657,972,19.296069562560767,-55.95273072458465,-333.5777029801419,5.684341886080802e-14,-36.42586672360328,-20.413060565447978,0.886196564466605
0.0599999999999999,3,-381.0037255069555,1007,20.105802372594084,-57.8432889138146,-343.2662389657352,2.2737367544323206e-13,-35.72837693621096,-20.673959247441527,-1.440952730162113
0.0599999999999999,4,-309.1441883748393,956,19.120000000000033,-55.76206138188762,-272.5021269929519,1.7053025658242404e-13,-33.80713990606205,-19.13485006844301,-2.820071407382568
0.0599999999999999,5,356.77063219247754,985,19.70000000000002,-54.33538573214231,391.4060179246197,1.7053025658242404e-13,-34.75969827255791,-18.594019222839812,-0.9816682367445824
0.0599999999999999,6,-304.2977513543586,996,19.85621861136721,-51.199349637797425,-272.95462032792796,3.979039320256561e-13,-30.384767416746513,-21.95287662511251,1.1382944040616003
0.0599999999999999,7,160.5533319922949,1005,19.785082932760957,-57.6272020853886,198.39545114492256,2.842170943040401e-14,-36.4765396930323,-20.65431208879259,-0.49635030356370186
0.0599999999999999,8,-270.5297341310719,996,19.9052401084326,-54.911318688845,-235.52365555065887,6.252776074688882e-13,-33.11327394410516,-21.412522998674646,-0.38552174606518563
0.0599999999999999,9,-204.85096819464465,997,19.940000000000012,-56.629582633988164,-168.1613855606564,8.526512829121202e-14,-34.160545890544164,-22.18338814922926,-0.2856485942147403
0.0599999999999999,10,121.53890118967468,963,18.00390272329078,-46.947332156531004,150.48233062291666,1.7621459846850485e-12,-29.505560586522158,-18.16932521834481,0.7275536483359664
0.0599999999999999,11,342.4485894176347,972,19.440000000000023,-57.76092614582829,380.76951556346273,2.2737367544323206e-13,-35.269330649770225,-21.246606325612007,-1.2449891704460558
0.0599999999999999,12,390.94499248663686,978,19.560000000000013,-51.79251373638904,423.17750622302594,5.684341886080802e-14,-34.067599972547946,-20.622210497026067,2.8972967331849766
0.0599999999999999,13,-280.78632091699444,934,18.68000000000002,-56.50199864822468,-242.9643222687693,4.547473508864641e-13,-35.30422279695749,-19.277756655194615,-1.9200191960725763
0.0599999999999999,14,122.72037821593456,979,18.310604495337394,-49.62634047942911,154.03611420002616,1.1368683772161603e-13,-32.64246334226945,-17.423331268514918,0.43945413135525535
0.0599999999999999,15,-288.38880906189206,988,19.439199979388242,-56.85997688588188,-250.9680321553979,5.115907697472721e-13,-33.5532557308066,-25.069234384346622,1.7625132292713466
0.0599999999999999,16,370.1428160759369,982,19.640000000000015,-54.045996171147344,404.54881224708424,5.684341886080802e-14,-33.364920809396146,-19.928927102248185,-0.7521482595030222
0.0599999999999999,17,250.7865835976379,996,19.305282007434744,-56.70555501826065,288.1868566084651,1.3073986337985843e-12,-34.48786464169227,-20.039336348535887,-2.1783540280324822
0.0599999999999999,18,132.35997591338543,970,19.075168585137813,-55.00222524761812,168.2870325758659,1.7053025658242404e-13,-34.57299253927398,-19.681829072472183,-0.7474036358719437
0.0599999999999999,19,-422.82369321137946,951,17.562986059993406,-45.35073896222765,-395.035940309145,2.2737367544323206e-13,-28.42295191469531,-18.567461569181347,1.6396745216490136
0.0599999999999999,20,84.67163917190707,968,17.97809213913826,-51.389035318518026,118.08258235128926,2.4158453015843406e-12,-32.58915939382917,-17.372009618053692,-1.4278663066351625
0.0599999999999999,21,225.6706158386839,1001,19.835005699839897,-54.00866477460782,259.8442749134524,5.968558980384842e-13,-33.92486715832482,-20.39720351769335,0.3134059014103492
0.0599999999999999,22,241.37939312508,980,19.600000000000033,-53.33048719046447,275.1098803155443,1.4210854715202004e-13,-32.46262553198764,-21.572737161694537,0.7048755032177151
0.0599999999999999,23,-170.42437892208045,993,19.86000000000001,-54.8832489931774,-135.40112992890317,1.1368683772161603e-13,-36.55366890449186,-18.87637100842924,0.5467909197436908
0.0599999999999999,24,-228.8908068150419,984,19.680000000000014,-54.78645260364384,-193.78435421139784,2.5579538487363607e-13,-34.9589841568874,-19.516238813241813,-0.3112296335146356
0.0599999999999999,25,171.31047344682952,999,19.362446809438122,-49.61123365437721,201.55926029176928,6.821210263296962e-13,-34.786034211797485,-15.923137374015937,1.0979379314362077
0.0599999999999999,26,-199.03876042069288,966,19.320000000000014,-57.20514240605914,-161.15361801463325,5.115907697472721e-13,-36.87473055710005,-18.581692248928256,-1.7487196000308345
0.0599999999999999,27,-362.6846490392096,1002,20.04000000000004,-53.325848348908636,-329.39880069030136,3.410605131648481e-13,-35.78196924868734,-18.95618182906921,1.412302728847913
0.0599999999999999,28,-381.3874062855888,941,18.783284704594603,-55.906403454712915,-344.26428753547015,3.410605131648481e-13,-37.00621391611104,-17.97810376048925,-0.9220857781126205
0.0599999999999999,29,114.98555575238804,942,17.460199019982543,-45.55614613768127,143.08150287008624,5.258016244624741e-13,-28.177762009820682,-17.266855902111324,-0.11152822574925991
0.08,0,101.91906455613548,1031,18.569430515794572,-58.00539532341533,141.3550293637574,1.1652900866465643e-12,-36.632953451228644,-23.509969643089498,2.137527770902817
0.08,1,-525.8855782808104,1001,18.12093200834034,-58.99845093961825,-485.00805934952956,2.8421709430404007e-12,-37.71175942580213,-21.258307297272548,-0.02838421654358303
0.08,2,-456.4724931790102,1064,21.111120363184483,-74.1655017371367,-403.4181118050576,3.979039320256561e-13,-48.259460011989745,-26.943875085094255,1.0378333599473006
0.08,3,-471.10421095975227,1106,22.03680200430022,-77.3628483922437,-415.77816457180853,2.2737367544323206e-13,-47.69094127516749,-27.87368578216008,-1.7982213349161438
0.08,4,-388.05207765946017,1054,21.08000000000002,-74.9042095314484,-334.2278681280117,5.684341886080802e-14,-45.35571745869852,-26.028420665367307,-3.520071407382569
0.08,5,439.88566664450406,1089,21.780000000000015,-74.18413568920596,492.2898023337102,2.2737367544323206e-13,-46.839474032722734,-26.202993419738636,-1.1416682367445823
0.08,6,-403.65358570059914,1096,21.833054337540776,-69.29093043631862,-356.19570960182125,5.684341886080802e-14,-41.247471433361305,-29.060960076491885,1.0175010735345804
0.08,7,191.82146289658647,1108,21.68173943266007,-76.3243295814099,246.46405304533664,3.410605131648481e-13,-48.543891653957076,-27.067316141033885,-0.7131217864189294
0.08,8,-344.82133130490126,1104,22.056702212540422,-74.36371901032874,-292.514314507113,5.684341886080802e-14,-44.18397502613897,-29.974222238124597,-0.20552174606518525
0.08,9,-259.655094868096,1090,21.80000000000001,-76.38697070251156,-205.06812416558495,5.115907697472721e-13,-45.77254769607673,-30.348774412220088,-0.2656485942147391
0.08,10,148.72826883224798,1044,19.160105060394002,-62.439178971988134,192.00734274384436,2.2453150450019166e-12,-39.014421918096645,-24.24501279912284,0.8202557452313435
0.08,11,421.1015088508876,1076,21.520000000000017,-77.01527477972348,476.59678363061084,2.2737367544323206e-13,-46.956283829655206,-28.614001779622217,-1.4449891704460573
0.08,12,480.796779769149,1079,21.57733257507975,-70.52763511111903,529.7470823051879,3.979039320256561e-13,-45.53834103028593,-28.28659081401808,3.297296733184975
0.08,13,-361.3280013967124,1044,20.880000000000013,-77.13034024217086,-305.0776611545419,3.410605131648481e-13,-47.167990401060344,-27.562330645037946,-2.4000191960725754
0.08,14,147.91425119325208,1052,19.37701961769887,-64.87908087331547,193.41631244886875,5.684341886080802e-14,-41.81791991421601,-23.35948032316945,0.2983193640699968
0.08,15,-351.37464285413773,1069,20.884910221225077,-74.63688587294952,-297.6226672024142,9.094947017729282e-13,-44.43813854238303,-32.21382252618349,2.015075195616996
0.08,16,458.7373139053613,1069,21.38000000000001,-72.17161826951647,509.5289321748776,1.7053025658242404e-13,-44.37811453458177,-27.161355475431677,-0.6321482595030226
0.08,17,301.10113981012984,1065,20.47602968771463,-73.43470456562078,354.0598146880375,1.4779288903810084e-12,-44.0768020871102,-26.70347642171118,-2.654426056799401
0.08,18,156.85771432582055,1065,20.76524239634673,-73.44751238799398,209.5399843174689,1.1084466677857563e-12,-45.61279891795076,-26.830565157247392,-1.0041483127958384
0.08,19,-532.1257254283935,1024,18.50782471972601,-59.562011511945116,-491.0715386361732,1.1368683772161603e-12,-36.870720310984495,-24.666356021927108,1.9750648209664914
0.08,20,99.85994195582032,1047,18.901384842360144,-65.88003438189529,146.83859149535817,2.7142732506035827e-12,-41.33018313124039,-23.240340225015924,-1.3095110256389648
0.08,21,263.0046203359409,1094,21.618712044476936,-72.10740458668045,313.49331287814425,1.7053025658242404e-13,-45.308706883894786,-27.14262109851402,0.34392339572835035
0.08,22,294.48798043424074,1073,21.460000000000015,-72.52518514231159,345.5531655765524,5.684341886080802e-14,-43.79485191569539,-29.135208729833916,0.4048755032177157
0.08,23,-220.98494162924112,1075,21.500000000000007,-73.66632612489917,-168.8186155043421,1.4210854715202004e-13,-48.30382679113728,-25.84929025350558,0.48679091974369193
0.08,24,-298.64206667697897,1081,21.62000000000001,-73.46881397744858,-246.79325269953065,2.2737367544323206e-13,-46.31797190219113,-26.699612441742797,-0.45122963351463835
0.08,25,210.5399332633686,1085,20.88657240676874,-66.35280570317332,256.0061665597748,1.5916157281026244e-12,-45.8725219658327,-21.85109219605472,1.3708084587141023
0.08,26,-262.3418548144187,1069,21.38000000000001,-76.9944338663465,-206.7274209480725,2.8421709430404007e-13,-49.35280780219484,-25.67290646412082,-1.9687196000308331
0.08,27,-482.2354459086344,1112,22.24000000000002,-73.51507465253842,-430.960371256096,5.684341886080802e-14,-48.30080408595853,-26.58657329542779,1.372302728847911
0.08,28,-477.3921686251868,1029,20.527779266141245,-74.15707396348677,-423.7628739278411,1.7053025658242404e-13,-48.50989032607673,-24.607725285095203,-1.0394583523148384
0.08,29,134.17645469160107,1014,18.299808532193655,-60.49777588555253,176.3744220449605,5.684341886080801e-13,-37.13670183950396,-23.187247421934163,-0.1738266241144173
0.1,0,107.93779258374208,1105,19.42622935477397,-73.1766914814264,161.68825471039798,3.467448550509289e-12,-45.857955544659575,-29.89744595875844,2.5787100219916104
0.1,1,-606.4311555202163,1058,18.74917279031376,-73.66202371383446,-551.5183045966912,4.433786671143025e-12,-46.92383004954756,-26.7325492238989,-0.005644440387992833
0.1,2,-547.5844624241854,1153,22.85290156448888,-95.68353075720873,-474.7538332314652,3.410605131648481e-13,-61.47985791466894,-35.401782497303984,1.1981096547642
0.1,3,-544.1777025221637,1173,23.31497132627009,-98.18330736306476,-469.30936648536846,5.684341886080801e-13,-60.54076943507673,-35.49926517767584,-2.1432727503121822
0.1,4,-457.8660823035188,1139,22.780000000000022,-96.22566500790676,-384.42041729561197,5.684341886080802e-14,-57.84323550114353,-34.162358099380654,-4.220071407382568
0.1,5,476.14734894479915,1160,23.200000000000017,-94.3782570590285,547.3256060038269,7.389644451905042e-13,-58.92087001293331,-34.15571880935062,-1.301668236744582
0.1,6,-476.3377199367544,1146,22.799265268448956,-88.73104227371029,-410.40594293149354,4.547473508864641e-13,-52.37469120584738,-37.224703701171705,0.8683526333088026
0.1,7,207.8251994694496,1188,23.114672579628305,-97.42799691865272,282.138523808475,9.947598300641403e-13,-61.35017869997509,-35.167793866019686,-0.9100243526579636
0.1,8,-409.2217656677521,1187,23.69971317819035,-95.06227474599952,-337.8592040999439,9.663381206337363e-13,-56.56314426482016,-38.47360873511417,-0.025521746065185758
0.1,9,-309.2898515744312,1171,23.420000000000023,-97.36337795048185,-235.3464736239506,1.1937117960769683e-12,-58.50555744190322,-38.612171914363884,-0.24564859421473978
0.1,10,162.8012375146866,1110,19.89541753163201,-78.28132906692088,221.1871490499789,3.439026841078885e-12,-48.689651296173906,-30.513377753678363,0.9216999829313849
0.1,11,456.5226122371378,1149,22.980000000000018,-97.90639679913913,531.4490090362773,3.410605131648481e-13,-58.99311988887031,-37.26828773982277,-1.644989170446056
0.1,12,539.2421301448497,1157,23.123957139666885,-91.16921198196555,607.2873849871489,5.684341886080801e-13,-58.33523253862022,-36.53127617653031,3.697296733184974
0.1,13,-432.6192681338083,1150,23.000000000000014,-100.31682480888016,-355.30244332492833,1.7053025658242404e-13,-60.639222965169466,-36.79758264763812,-2.880019196072576
0.1,14,163.07051615948888,1122,20.483157564070957,-81.84272835717798,224.43008695259508,8.242295734817162e-13,-51.87975334369882,-30.12570064122152,0.16272562774236654
0.1,15,-405.2559895177018,1138,22.050598835803385,-93.78716752278353,-333.51942083072214,5.115907697472721e-13,-55.642159023713916,-40.41084345072878,2.265834951659161
0.1,16,513.1601566900624,1151,23.020000000000017,-92.46822788273948,582.608384572802,1.1368683772161603e-13,-56.0141201142615,-35.941959508974975,-0.5121482595030236
0.1,17,337.8893859301344,1136,21.663307619006055,-92.96022426919379,409.1863025803241,1.9326762412674725e-12,-55.69156022450737,-34.12115114017177,-3.147512904514657
0.1,18,167.86078529625524,1154,22.27745730396,-93.24096346833042,238.82429146062617,5.115907697472721e-13,-57.899388097176455,-34.092390596719596,-1.2491847744343652
0.1,19,-611.0289269254272,1082,19.06001030027117,-74.00386769492707,-556.0850695307684,2.9558577807620168e-12,-45.8406823377497,-30.434865743794607,2.271680386617245
0.1,20,106.50166252175484,1096,19.182321094047335,-81.4580169518761,168.77735837958863,5.030642569181509e-12,-50.194586000144,-30.121496079489145,-1.1419348722429654
0.1,21,290.2387673039291,1177,23.200108679021138,-93.27138425690572,360.3100428818144,7.389644451905042e-13,-57.50359680804438,-36.12638486360699,0.3585974147456449
0.1,22,333.1986946168472,1162,23.240000000000016,-94.65581897389427,404.61451359074147,0.0,-56.645376564405424,-38.11531791270655,0.10487550321771522
0.1,23,-270.8751445815607,1164,23.280000000000012,-95.25359242038104,-198.90155216118006,3.979039320256561e-13,-61.0970541297346,-34.583329210390126,0.4267909197436925
0.1,24,-350.2956293572547,1159,23.174260181556875,-94.60863658078563,-278.8612529580267,7.389644451905042e-13,-59.19288283565113,-34.824524111619866,-0.5912296335146379
0.1,25,226.43242179774063,1144,21.829701255399094,-83.97432383622044,288.5770443785639,1.9610979506978765e-12,-57.52770255739644,-28.084009480888767,1.6373882020647574
0.1,26,-310.98740725845784,1142,22.840000000000018,-98.58108992279304,-235.24631733566383,9.663381206337363e-13,-62.33733443524672,-34.05503588751547,-2.1887196000308338
0.1,27,-560.608780899692,1182,23.636582361483587,-94.08556912599988,-490.15979413517573,0.0,-60.91467596860707,-34.50319588624073,1.332302728847912
0.1,28,-571.2933697139592,1134,22.58679689935216,-95.74323968045789,-498.13692693285316,3.410605131648481e-13,-61.73598732669582,-32.850421427245024,-1.156830926517056
0.1,29,151.22962205687702,1099,19.43360114785058,-76.7052480752488,208.50126898427794,2.7000623958883807e-12,-46.50501101239,-29.99200233181569,-0.20823473104310342
