process,config,bin,n,sum_dev,sumsq_dev,sum_pmid,mean_pmid,cond_bias_pp,cond_bias_se_pp
additive,T x0.5,"[0.0, 0.05)",99842,19353.975556,6520.432050046014,2666.7230448,0.02670943134953226,19.38460322910198,0.05270209369111781
additive,T x0.5,"[0.05, 0.1)",98949,15024.454517,5199.313766411452,7405.6370897,0.0748429705171351,15.184038764413993,0.054592231270853726
additive,T x0.5,"[0.1, 0.15)",95725,11037.8222649,4414.003127345225,11953.352475,0.12487179394097675,11.530762355601984,0.05854993723243231
additive,T x0.5,"[0.15, 0.2)",93974,8123.5422745,4183.4409121658655,16434.044568,0.174878632047162,8.644457269563922,0.0627851696489833
additive,T x0.5,"[0.2, 0.25)",90736,5726.7178726,4132.492366071466,20406.90507,0.22490417331599366,6.311406577984482,0.06767867633750281
additive,T x0.5,"[0.25, 0.3)",88772,3875.7273974,4327.981371527044,24401.758587,0.27488125295138105,4.365934525976659,0.07264511715963748
additive,T x0.5,"[0.3, 0.35)",85808,2631.0064023,4521.6169025566105,27885.328938,0.3249735332136863,3.0661551397305615,0.07766225107490436
additive,T x0.5,"[0.35, 0.4)",83337,1634.2555828,4676.773123102529,31247.327629,0.37495143368491785,1.9610204144617636,0.08177906525074904
additive,T x0.5,"[0.4, 0.45)",82206,841.9903966,4794.681320018614,34925.394333000004,0.42485213163272756,1.0242444549059682,0.0841560667249934
additive,T x0.5,"[0.45, 0.5)",81367,219.2730851,4878.394277683804,38643.362779,0.47492672433541855,0.26948650570870253,0.08583488718609422
additive,T x0.5,"[0.5, 0.55)",80623,-324.8904445,4849.5345472179,42328.083598000005,0.5250125100529626,-0.4029748886794091,0.08636393927604077
additive,T x0.5,"[0.55, 0.6)",81658,-903.7748263999999,4768.34503299318,46953.467137,0.575001434482843,-1.1067805069925787,0.08447517463580735
additive,T x0.5,"[0.6, 0.65)",83471,-1673.6832304,4692.961799529559,52174.545039,0.6250619381461825,-2.005107438990787,0.0817766856291257
additive,T x0.5,"[0.65, 0.7)",85382,-2574.677603,4498.772360852168,57645.169691,0.6751442890890352,-3.015480549764588,0.07787543559681115
additive,T x0.5,"[0.7, 0.75)",88308,-4002.9708516,4358.661143734854,64026.137809,0.7250321353558001,-4.532965135208588,0.0731885250198514
additive,T x0.5,"[0.75, 0.8)",91367,-5938.1941687,4251.351334005738,70812.594637,0.7750346912670877,-6.4992767286876,0.06804692603154436
additive,T x0.5,"[0.8, 0.85)",93112,-8108.3250979,4117.943382169122,76838.68645400001,0.8252286112853339,-8.708141912857634,0.06273210744282219
additive,T x0.5,"[0.85, 0.9)",96392,-11299.5648007,4483.961797853909,84347.407278,0.8750457224458461,-11.722513072350402,0.058312166016557795
additive,T x0.5,"[0.9, 0.95)",98398,-15130.0278645,5238.937884319913,91029.638412,0.9251167545275311,-15.376357105327344,0.05484613238635074
additive,T x0.5,"[0.95, 1.0)",100573,-19451.6227524,6534.555738525282,97887.619478,0.9732991904188997,-19.340799968580036,0.05235413024840804
additive,T x2,"[0.0, 0.05)",90424,34585.7445188,20012.367257517275,2409.9065044,0.02665118225692294,38.248412499778816,0.09108670933911907
additive,T x2,"[0.05, 0.1)",89061,29866.531390800003,16758.62887537747,6671.8959687999995,0.07491377784664444,33.53491583386668,0.09220112106377946
additive,T x2,"[0.1, 0.15)",92165,26804.6165823,14825.957845424835,11520.245037,0.12499587736125428,29.083292553897902,0.09097470975476056
additive,T x2,"[0.15, 0.2)",89339,21850.2171077,12217.273639034036,15638.197877999999,0.1750433503621039,24.45764683699168,0.0927981213583852
additive,T x2,"[0.2, 0.25)",90081,18530.6358307,10899.010407137746,20277.092103,0.2250984347753688,20.571081394189676,0.09345441037913706
additive,T x2,"[0.25, 0.3)",89455,14912.3697234,9672.542884345183,24583.647294,0.2748157989380135,16.670247301324686,0.09476708862070746
additive,T x2,"[0.3, 0.35)",89988,11094.3056705,8679.04098046408,29247.670921,0.3250174570053785,12.32865012057163,0.09501925023375858
additive,T x2,"[0.35, 0.4)",89237,8144.1638725,8037.546348724481,33468.432742,0.375051074576689,9.126442924459585,0.09570752188426075
additive,T x2,"[0.4, 0.45)",90343,4912.332452,7759.436366550771,38386.834045999996,0.42490103323998535,5.437424539809393,0.09581069680781415
additive,T x2,"[0.45, 0.5)",89756,1791.9200904,7476.377434280353,42639.079452,0.47505547765051914,1.9964348794509559,0.09610380307608805
additive,T x2,"[0.5, 0.55)",89268,-1562.1232196,7435.758133206478,46875.375102,0.5251083826455168,-1.7499251911099163,0.09641998417791137
additive,T x2,"[0.55, 0.6)",90751,-4796.0550552,7709.689389896782,52181.814691,0.5749998864034556,-5.284850916463731,0.09514984475224968
additive,T x2,"[0.6, 0.65)",88319,-8126.5042218,8039.180533974216,55185.163742000004,0.6248390917243176,-9.201309142766561,0.09668350446646727
additive,T x2,"[0.65, 0.7)",90048,-10933.0932674,8675.822946986242,60753.580844,0.674679957844705,-12.141405991693318,0.09519674031940009
additive,T x2,"[0.7, 0.75)",89359,-14624.9733755,9518.013528815778,64779.380531,0.7249340360903771,-16.36653652737833,0.09445744862715615
additive,T x2,"[0.75, 0.8)",90151,-18215.301112099998,10754.224416230863,69860.719929,0.7749300609976595,-20.205323415269934,0.09329421872799022
additive,T x2,"[0.8, 0.85)",88857,-21708.8707981,12208.88428541334,73323.034722,0.825180174009926,-24.431244356775494,0.09351784785057098
additive,T x2,"[0.85, 0.9)",91458,-26113.910422499997,14445.46532276371,80033.020338,0.8750794937348291,-28.552899060224366,0.09140956141887185
additive,T x2,"[0.9, 0.95)",89894,-30686.0492701,17277.082097818795,83153.40058300001,0.9250161365942111,-34.135814704095935,0.09174710525116256
additive,T x2,"[0.95, 1.0)",92046,-34577.0094687,19869.223143753137,89582.019236,0.9732309848988548,-37.56492348249788,0.09011597727937457
additive,default,"[0.0, 0.05)",92615,25932.6494784,11972.705045384675,2480.2971395,0.026780728170382767,28.000485319224747,0.07411316812522069
additive,default,"[0.05, 0.1)",92118,21449.5849695,9757.600834723231,6909.9999171,0.07501248308799584,23.284900854881784,0.07492033699292067
additive,default,"[0.1, 0.15)",91781,17784.0995739,8480.904164498064,11477.656024,0.1250548155282684,19.376667909371218,0.07731153373206452
additive,default,"[0.15, 0.2)",90908,14437.15057,7589.239432648535,15912.592849,0.17504062182646193,15.881056199674397,0.08005547708275308
additive,default,"[0.2, 0.25)",90327,11406.6362911,7073.280234092453,20323.382645,0.22499787045955252,12.62815801598636,0.08308943766893742
additive,default,"[0.25, 0.3)",89486,8911.1670246,6830.191137745842,24599.74318,0.27490046688867537,9.958168903068636,0.08614707525243996
additive,default,"[0.3, 0.35)",89129,6757.4771914,6823.150227924112,28955.827649,0.3248754911308328,7.581681822302506,0.08912998965197055
additive,default,"[0.35, 0.4)",88748,4389.9721493,6752.6518962053215,33285.634057,0.3750578498332357,4.946558963920313,0.0910921206548946
additive,default,"[0.4, 0.45)",88738,2790.9529694000003,6866.595515590509,37709.745661,0.4249560014987942,3.145161001374834,0.09278275679691869
additive,default,"[0.45, 0.5)",87733,959.4695904,6815.797782873886,41678.681979,0.4750627697559641,1.0936245089077086,0.09402878192379927
additive,default,"[0.5, 0.55)",87583,-777.2954068,6861.890421012993,45977.89671,0.5249637111083201,-0.887495754655584,0.09453304729306827
additive,default,"[0.55, 0.6)",88102,-2497.3640276,6799.076889259956,50660.472267000005,0.5750206836053665,-2.834628076093619,0.09310359517200985
additive,default,"[0.6, 0.65)",88739,-4524.1520627,6768.732123347385,55480.43109,0.6252091086219137,-5.098268024994647,0.09111933519460193
additive,default,"[0.65, 0.7)",89289,-6483.672929,6816.307629570979,60266.582781000005,0.6749608885865,-7.261446459250299,0.08921439557030383
additive,default,"[0.7, 0.75)",89914,-8532.1930355,6757.939102361164,65180.110452,0.7249161471183575,-9.489282020041374,0.0857766221177627
additive,default,"[0.75, 0.8)",89672,-11224.358558599999,6968.636067574071,69507.733478,0.7751330791997502,-12.517127485279685,0.0831809312548141
additive,default,"[0.8, 0.85)",90536,-14448.296036,7607.807060580612,74699.233952,0.8250776923212865,-15.958619815322082,0.0804268300465873
additive,default,"[0.85, 0.9)",90941,-17623.5274291,8385.199493713168,79577.048385,0.875040393057037,-19.379078115591426,0.07752023419365302
additive,default,"[0.9, 0.95)",90340,-21169.2501986,9662.67826655884,83579.394313,0.9251648695262342,-23.432864953066193,0.0759043392828087
additive,default,"[0.95, 1.0)",93301,-26042.756215499998,12096.968290005352,90811.753227,0.9733202562351957,-27.912622818083406,0.07447082698062099
additive,sigma x0.5,"[0.0, 0.05)",100618,13254.772776400001,3126.050950645558,2814.6397758,0.027973521395774113,13.173361402929894,0.03691954012756329
additive,sigma x0.5,"[0.05, 0.1)",109514,10285.6752395,2654.662745965965,8197.1118763,0.07484989933981043,9.392109903300035,0.037522902801127675
additive,sigma x0.5,"[0.1, 0.15)",105315,6644.9603786,2338.168891076668,13140.827419,0.12477640809951099,6.30960487926696,0.04159448290759028
additive,sigma x0.5,"[0.15, 0.2)",99509,4065.4339387,2346.677493083853,17386.981605,0.17472772920037385,4.0854937128299955,0.046927140680610865
additive,sigma x0.5,"[0.2, 0.25)",93265,2316.6821311999997,2462.2039353456585,20952.105883,0.22465132560982148,2.4839780530745723,0.05257847309555954
additive,sigma x0.5,"[0.25, 0.3)",86674,1279.4166635,2560.6782738829725,23811.930156000002,0.2747297938943628,1.4761250934536307,0.05816760813073853
additive,sigma x0.5,"[0.3, 0.35)",81705,736.4158421999999,2630.8446428608077,26536.690921999998,0.3247866216510617,0.901310620157885,0.06269752987548424
additive,sigma x0.5,"[0.35, 0.4)",77011,349.6580204,2641.7468152036404,28862.947855000002,0.3747899372167613,0.4540364628429705,0.06672096180587239
additive,sigma x0.5,"[0.4, 0.45)",74232,156.1691828,2633.532952435131,31545.843091,0.4249628609090419,0.21037986690376115,0.0691275435785805
additive,sigma x0.5,"[0.45, 0.5)",72821,86.590557,2622.231608792514,34589.56854,0.47499441836832784,0.11890877219483392,0.07031862320959746
additive,sigma x0.5,"[0.5, 0.55)",72547,-52.798615899999994,2605.8469688376886,38090.565758000004,0.5250467387762416,-0.0727784965608502,0.07036420638774908
additive,sigma x0.5,"[0.55, 0.6)",74050,-176.4588467,2613.740469167806,42592.930932,0.5751915048210668,-0.23829688953409858,0.06903530231145721
additive,sigma x0.5,"[0.6, 0.65)",77409,-288.0152087,2661.0212103090576,48399.349526,0.6252418908137296,-0.3720694088542676,0.06662623101149125
additive,sigma x0.5,"[0.65, 0.7)",81347,-610.9353715,2630.7814784459233,54933.450736,0.675297807368434,-0.751023850295647,0.06299727958684241
additive,sigma x0.5,"[0.7, 0.75)",87243,-1214.6122261,2582.7329027439514,63278.210476,0.7253098870511101,-1.3922173997913871,0.05806076369091432
additive,sigma x0.5,"[0.75, 0.8)",93036,-2306.4484071,2493.6450374191254,72129.812074,0.7752892651661722,-2.4790924019734297,0.05305534612196762
additive,sigma x0.5,"[0.8, 0.85)",100087,-4004.3123932,2365.7408647264165,82592.550671,0.8252075761187767,-4.000831669647407,0.04692230213488668
additive,sigma x0.5,"[0.85, 0.9)",104994,-6541.738003099999,2330.2419444320626,91891.542506,0.8752075595367355,-6.230582702916357,0.04176245640739475
additive,sigma x0.5,"[0.9, 0.95)",108465,-10182.991939,2618.345413636603,100344.829261,0.9251355668741069,-9.388274502374037,0.037589804671479
additive,sigma x0.5,"[0.95, 1.0)",100158,-13220.324664,3140.800590734052,97379.459771,0.9722584293915613,-13.199469502186545,0.037301308426256494
additive,sigma x2,"[0.0, 0.05)",103348,46766.2428783,29996.468187425136,2546.2257819,0.024637397742578473,45.251231642895846,0.09094539908565606
additive,sigma x2,"[0.05, 0.1)",91825,37324.6867813,23138.37277565185,6856.1047412,0.07466490325292677,40.64763058132317,0.0972031315275621
additive,sigma x2,"[0.1, 0.15)",88635,31295.9036336,18649.60613328708,11082.512261,0.12503539528403002,35.308742182659216,0.09835237831082226
additive,sigma x2,"[0.15, 0.2)",88723,26574.448959,15684.106752290889,15516.461458,0.17488657347023884,29.952153284943023,0.09906006461138696
additive,sigma x2,"[0.2, 0.25)",87295,22057.8292361,13066.249640727361,19646.271067,0.2250560864539779,25.268147357924278,0.09915810178953519
additive,sigma x2,"[0.25, 0.3)",89890,18497.5234228,11528.420804652264,24726.47643,0.27507482956947377,20.57795463655579,0.09775832830498032
additive,sigma x2,"[0.3, 0.35)",88852,14430.1778389,10074.443916160406,28891.360173,0.3251627444852114,16.240689955093863,0.09895719026752664
additive,sigma x2,"[0.35, 0.4)",87974,10219.554713,8799.1796166764,32989.191009,0.3749879624548162,11.616562521881464,0.099173486880497
additive,sigma x2,"[0.4, 0.45)",89007,6135.05703,8029.541376124627,37821.805507,0.4249306853056501,6.892780376824295,0.09798802229712021
additive,sigma x2,"[0.45, 0.5)",88355,1920.6783974,7732.0762007308385,41979.742371,0.47512582616716653,2.173819701658084,0.09925243967286022
additive,sigma x2,"[0.5, 0.55)",87733,-1592.5036503000001,7732.819370558211,46056.513453,0.5249622542600846,-1.8151706316893303,0.10004437986629264
additive,sigma x2,"[0.55, 0.6)",87254,-5478.6359695,7881.110540465974,50188.066346,0.5751950208127994,-6.27895107330323,0.09949862330038484
additive,sigma x2,"[0.6, 0.65)",88390,-9738.3504858,8736.179860002048,55233.976926999996,0.6248894323679148,-11.017479902477655,0.09903840091147437
additive,sigma x2,"[0.65, 0.7)",87791,-14359.5809782,9992.780317915383,59278.516256,0.6752231579091251,-16.35655246915971,0.09958907636316962
additive,sigma x2,"[0.7, 0.75)",86363,-18161.3526812,11303.770961668462,62624.52988,0.7251314785266839,-21.02908963468152,0.1001743858703662
additive,sigma x2,"[0.75, 0.8)",89256,-22881.7837751,13584.526763356847,69170.757624,0.7749703955364345,-25.636129532020256,0.09843049796784045
additive,sigma x2,"[0.8, 0.85)",86700,-26115.531513500002,15299.292167264946,71513.933168,0.8248435198154557,-30.121720315455597,0.09943938623015978
additive,sigma x2,"[0.85, 0.9)",87268,-30438.5965962,18033.839884885103,76367.346079,0.8750899078585506,-34.879447903240596,0.09868698055621619
additive,sigma x2,"[0.9, 0.95)",91269,-36634.3450598,22405.2471512146,84458.968004,0.9253850486364482,-40.138869780319716,0.09614793914288486
additive,sigma x2,"[0.95, 1.0)",104072,-46787.1591816,30044.08100567988,101517.717774,0.975456585575371,-44.95652930817126,0.09120807053412962
martingale,T x0.5,"[0.0, 0.05)",276532,-1.1861877029499988,378.10215709178107,6485.37256503805,0.023452521100769712,-0.000428951334004744,0.0070316813185530855
martingale,T x0.5,"[0.05, 0.1)",150575,-18.535663944510002,1176.7619665384946,10962.7789685,0.07280610306159721,-0.012309921264824839,0.022781956526800616
martingale,T x0.5,"[0.1, 0.15)",98707,13.518968018000004,1703.6235461865588,12205.218969,0.1236509970822738,0.013696058048567989,0.0418156284639073
martingale,T x0.5,"[0.15, 0.2)",75100,2.8178684181899896,2029.5186430413285,13075.689362000001,0.17411037765645807,0.003752155017563235,0.05998692143038073
martingale,T x0.5,"[0.2, 0.25)",62120,10.417608918999996,2296.903200745417,13938.351436,0.2243778402446877,0.01677013670154539,0.07715067573620488
martingale,T x0.5,"[0.25, 0.3)",54677,-2.531784599999999,2470.1456256420265,15011.335169,0.27454569872158313,-0.004630438026958317,0.09089847363894146
martingale,T x0.5,"[0.3, 0.35)",49179,-4.695924319999984,2580.1158735759363,15962.800628,0.32458570991683444,-0.00954863726387276,0.10328562313099304
martingale,T x0.5,"[0.35, 0.4)",45985,-57.67510537999999,2673.1909411227116,17238.151324,0.3748646585625747,-0.12542156220506684,0.11243277334815044
martingale,T x0.5,"[0.4, 0.45)",44233,44.379567210000005,2744.562566666714,18790.398461,0.4248049750412588,0.10033135263264985,0.11843679582370902
martingale,T x0.5,"[0.45, 0.5)",43698,42.10491746,2795.529771215625,20757.508861000002,0.4750219429035654,0.09635433534715548,0.12099497917458309
martingale,T x0.5,"[0.5, 0.55)",43317,-28.377605739999986,2772.7800647982917,22739.281972,0.5249505268601242,-0.06551147526375323,0.1215620133691678
martingale,T x0.5,"[0.55, 0.6)",44053,-125.55986916,2732.2415991214884,25336.854345,0.5751448106825868,-0.28502001943113975,0.11864668721079034
martingale,T x0.5,"[0.6, 0.65)",46288,-0.5165741400000015,2698.294471073168,28942.424259,0.6252684120938472,-0.0011160001296232317,0.11222154795912379
martingale,T x0.5,"[0.65, 0.7)",49268,36.13311626000002,2591.6320625205194,33277.374691,0.6754358750304457,0.07333992908175697,0.10332835584179335
martingale,T x0.5,"[0.7, 0.75)",54494,17.757429699999996,2446.8731668697274,39537.617704,0.7255407513487723,0.032586027269057134,0.0907729664275645
martingale,T x0.5,"[0.75, 0.8)",62179,-65.37616320000001,2302.288413111925,48233.875508,0.7757261375705624,-0.10514186976310332,0.07716665010393067
martingale,T x0.5,"[0.8, 0.85)",75053,-12.35437449999999,2036.660419111359,61993.085703,0.8259907758917031,-0.016460866987328942,0.06012997709189446
martingale,T x0.5,"[0.85, 0.9)",98640,-49.20020529999999,1709.4405251073265,86447.047764,0.8763893731143553,-0.049878553629359286,0.041915129933861386
martingale,T x0.5,"[0.9, 0.95)",150450,-5.451512400000015,1186.3883314888596,139499.165994,0.927212801555334,-0.003623471186440688,0.022893975044196054
martingale,T x0.5,"[0.95, 1.0)",275452,-29.27909300000001,386.841470761149,268979.942269,0.9765038637185426,-0.01062947192251282,0.007140339077385416
martingale,T x2,"[0.0, 0.05)",581046,56.65278826735,2063.5340688326305,6434.42855675565,0.011073871185337564,0.009750138245052886,0.007817983052801231
martingale,T x2,"[0.05, 0.1)",91564,-11.181186871240001,2909.3889822983538,6598.6927209,0.0720664532010397,-0.01221133510030143,0.058908238480381986
martingale,T x2,"[0.1, 0.15)",52225,85.33460299464001,3073.029360983313,6439.092874,0.12329522018190521,0.16339799520275733,0.10614390305422228
martingale,T x2,"[0.15, 0.2)",37704,31.373757450769993,3113.546800694894,6550.460033,0.17373382222045408,0.08321068706442286,0.1479920723078372
martingale,T x2,"[0.2, 0.25)",30158,-69.96147373883998,3112.0072449515774,6761.640126,0.2242071797201406,-0.2319831346204655,0.18497218969755716
martingale,T x2,"[0.25, 0.3)",25538,29.602572883830007,3122.2891111266263,7006.76304,0.2743661617981048,0.11591578386651268,0.21879998512518037
martingale,T x2,"[0.3, 0.35)",22469,-6.709071536150002,3089.648584029822,7291.494858,0.3245135456851662,-0.02985923510681384,0.24738345906743842
martingale,T x2,"[0.35, 0.4)",20888,54.527492474400006,3126.853174122043,7826.135233,0.3746713535522788,0.2610469766104941,0.26769915496023605
martingale,T x2,"[0.4, 0.45)",19927,123.32792168336,3117.491699725276,8465.937469,0.4248475670698048,0.6188985882639635,0.28016092336873244
martingale,T x2,"[0.45, 0.5)",19134,90.38944995006,3047.5046416126706,9087.123163,0.4749202029371799,0.4724022679526498,0.28849347203498804
martingale,T x2,"[0.5, 0.55)",19237,-15.597552468970003,3088.108711207914,10100.269527,0.5250439011800176,-0.08108100259380362,0.28887373452634574
martingale,T x2,"[0.55, 0.6)",19533,-80.6201470472,3072.1756792369138,11236.483786,0.5752564268673527,-0.4127381715414939,0.28374652573727405
martingale,T x2,"[0.6, 0.65)",20597,61.156032531899996,3046.4610675777367,12873.976416000001,0.6250413368937224,0.296917184696315,0.2679667468346673
martingale,T x2,"[0.65, 0.7)",22872,-20.699683774300006,3152.4179811296744,15450.360986,0.6755142089017139,-0.0905022900240469,0.2454801981820204
martingale,T x2,"[0.7, 0.75)",25626,-8.759204593200007,3116.9683423766974,18596.224176,0.7256779901662374,-0.034180927937251256,0.2178638456144231
martingale,T x2,"[0.75, 0.8)",30032,127.70168975220001,3063.364249637805,23300.371167,0.7758514640050613,0.42521873252597236,0.18427930670199102
martingale,T x2,"[0.8, 0.85)",37488,16.913013319,3093.3800499473696,30966.490486000002,0.8260374115983782,0.04511580590855741,0.14836239424192438
martingale,T x2,"[0.85, 0.9)",52462,-65.563444857,3090.3009361578765,45998.113243,0.8767891663108536,-0.12497320890739963,0.10596191196755203
martingale,T x2,"[0.9, 0.95)",91155,32.050661735700004,2882.2787365644967,84591.86483399999,0.9280002724370576,0.035160618436399546,0.05889611451176345
martingale,T x2,"[0.95, 1.0)",580345,-12.430290909999368,2086.3781101141567,573917.095663,0.9889239946290569,-0.0021418795561259883,0.007870643363026895
martingale,default,"[0.0, 0.05)",404232,29.987502097869996,1005.3636642030187,7082.46052423578,0.017520781442923322,0.007418388969173642,0.007843870619870926
martingale,default,"[0.05, 0.1)",129153,15.74688976009999,2171.961264326038,9359.3511619,0.07246716035941868,0.0121924304972397,0.03608455445414203
martingale,default,"[0.1, 0.15)",80392,21.094885514599987,2681.7661313246413,9929.082247,0.12350833723504827,0.02624003074261119,0.06441650670458325
martingale,default,"[0.15, 0.2)",59487,-10.507580167600015,2962.0043724760812,10349.495891,0.17397911965639554,-0.01766365788760572,0.0914893714855359
martingale,default,"[0.2, 0.25)",48132,-13.376871694899995,3113.634407396056,10798.188882999999,0.22434531876921796,-0.02779205454770214,0.1159310159025348
martingale,default,"[0.25, 0.3)",41676,63.65665922749999,3277.1002414882673,11437.568438,0.2744401679143872,0.15274176798997025,0.13735750414201542
martingale,default,"[0.3, 0.35)",37627,118.5587202053,3390.681987478695,12215.797328999999,0.3246550968453504,0.31508948416110777,0.15474620629202343
martingale,default,"[0.35, 0.4)",34787,-65.112697728,3363.172691445671,13042.861222,0.37493492459826944,-0.18717537507689655,0.16670542675833172
martingale,default,"[0.4, 0.45)",33133,-51.27188869,3401.1979221632296,14071.651915999999,0.42470201659976453,-0.15474568765279328,0.17601518097878976
martingale,default,"[0.45, 0.5)",32204,12.326598297999997,3418.0573960514007,15296.948718,0.47500151279344177,0.03827660631598558,0.1815430208827604
martingale,default,"[0.5, 0.55)",32233,116.96698920899998,3420.072874970551,16922.10588,0.5249932019979524,0.3628796240157602,0.18142202120156797
martingale,default,"[0.55, 0.6)",33054,14.77784428999999,3424.315365331786,19009.352025,0.5750998978943547,0.04470818748109152,0.17703634531454066
martingale,default,"[0.6, 0.65)",34898,-6.428180788999999,3386.4700955929693,21821.723268,0.6253001108372973,-0.01841991171127285,0.16675275130820932
martingale,default,"[0.65, 0.7)",37681,14.210656248999989,3366.8476994229377,25446.569255,0.6753156565643162,0.03771305498527106,0.15398874169663276
martingale,default,"[0.7, 0.75)",41496,29.71646342799999,3234.922408994283,30103.4621,0.7254545522459996,0.07161283841334101,0.13706427420563944
martingale,default,"[0.75, 0.8)",48299,19.863972129999983,3150.7306158318565,37468.714916,0.7757658526263483,0.04112708778649658,0.11621627051559505
martingale,default,"[0.8, 0.85)",59382,-13.19859358,2972.4934283041434,49053.390938,0.826064984978613,-0.02222658984203968,0.09181326180080278
martingale,default,"[0.85, 0.9)",80416,64.24063399,2664.949780026449,70480.148668,0.8764443477417428,0.07988538846746916,0.06419450673260814
martingale,default,"[0.9, 0.95)",129212,-41.86103782999997,2208.345957137793,119850.601685,0.9275500857892456,-0.03239717505340059,0.03636883361152432
martingale,default,"[0.95, 1.0)",402506,-7.037971399999936,1002.3566009765431,395441.1903,0.982447939409599,-0.0017485382578147745,0.007865724700931264
martingale,sigma x0.5,"[0.0, 0.05)",197706,-2.7924740330000044,150.7217677704929,5721.169620626,0.02893776425918283,-0.0014124376766511914,0.006209663739269325
martingale,sigma x0.5,"[0.05, 0.1)",165471,18.37181305,597.9491903637677,12074.4832751,0.07297038922288497,0.011102738878715908,0.014777790616386262
martingale,sigma x0.5,"[0.1, 0.15)",108226,37.86064823000001,909.9057818132919,13387.121515,0.12369598354369561,0.0349829507050062,0.027871699059572826
martingale,sigma x0.5,"[0.15, 0.2)",83359,-2.079793970000002,1152.089822386174,14511.853144,0.1740886184335225,-0.002494984308832882,0.04071839623254642
martingale,sigma x0.5,"[0.2, 0.25)",69163,42.93422077,1337.2611669801881,15515.932553,0.22433862835620202,0.062076863019244394,0.05287251460498604
martingale,sigma x0.5,"[0.25, 0.3)",62158,34.71611178,1515.9027379423765,17069.91939,0.2746214387528556,0.055851397696193565,0.06263770816771778
martingale,sigma x0.5,"[0.3, 0.35)",57049,-18.7650174,1643.7849069452723,18530.171869,0.324811510613683,-0.03289280688530912,0.07106792620263315
martingale,sigma x0.5,"[0.35, 0.4)",53816,11.7669059,1722.3707351537187,20173.911446,0.37486828166344577,0.021865069681878995,0.07711725809775873
martingale,sigma x0.5,"[0.4, 0.45)",52052,43.103562200000006,1780.051803932589,22119.690017,0.42495370047260433,0.08280865711211866,0.08105401741755897
martingale,sigma x0.5,"[0.45, 0.5)",51812,-4.142778800000002,1860.9313259696974,24609.852965,0.47498365176020996,-0.007995790164440674,0.08325968774996895
martingale,sigma x0.5,"[0.5, 0.55)",51233,12.262161099999993,1834.7422756943804,26898.406679,0.5250211129350223,0.023934107118458794,0.08360599108533129
martingale,sigma x0.5,"[0.55, 0.6)",51993,29.447240000000008,1778.5809394470748,29901.78068,0.5751116627238282,0.05663693189467814,0.08111289529966613
martingale,sigma x0.5,"[0.6, 0.65)",54076,74.3740671,1729.2866380893083,33805.463535,0.6251472656076633,0.1375361844441157,0.07689818481395777
martingale,sigma x0.5,"[0.65, 0.7)",57108,-60.85134039999999,1669.538994357894,38562.313706,0.6752523938152273,-0.10655484415493449,0.07154724231162772
martingale,sigma x0.5,"[0.7, 0.75)",61584,19.104028299999996,1498.2005959454502,44665.366377,0.7252754997564302,0.031021090380618337,0.06285158439003326
martingale,sigma x0.5,"[0.75, 0.8)",69533,73.13435159999999,1331.8122278837575,53928.844875999996,0.7755863385155249,0.105179341607582,0.052482919924955025
martingale,sigma x0.5,"[0.8, 0.85)",83253,-24.51569899999999,1172.498229693351,68758.06942700001,0.8258929939701873,-0.029447225925792454,0.04112963625481999
martingale,sigma x0.5,"[0.85, 0.9)",108490,24.360008999999987,907.2862983732571,95077.289382,0.8763691527514057,0.02245369066273388,0.02776394387785471
martingale,sigma x0.5,"[0.9, 0.95)",164950,7.681995999999997,602.800375793104,152915.375084,0.9270407704395272,0.0046571664140648665,0.014884501988635083
martingale,sigma x0.5,"[0.95, 1.0)",196968,-2.9101730000000146,154.130941977715,191257.210858,0.9710065130274969,-0.0014774851752569018,0.00630302719017912
martingale,sigma x2,"[0.0, 0.05)",764956,90.97188233959001,2176.794214792664,3415.1219624804,0.004464468495547979,0.011892433334674152,0.006099175816645132
martingale,sigma x2,"[0.05, 0.1)",40405,-0.7635264525199972,2042.1835059566429,2905.3411369,0.07190548538299715,-0.0018896830900136052,0.11184389148753204
martingale,sigma x2,"[0.1, 0.15)",22501,31.40377146516,1955.669839641203,2771.561681,0.12317504470912405,0.1395661146845029,0.19653553387292835
martingale,sigma x2,"[0.15, 0.2)",15926,-41.61397818485,1853.8018226006982,2770.127859,0.1739374519025493,-0.26129585699390934,0.27034117917484385
martingale,sigma x2,"[0.2, 0.25)",12375,89.67870166818,1806.8022976848608,2771.805876,0.2239843132121212,0.724676377116606,0.34342506628644603
martingale,sigma x2,"[0.25, 0.3)",10512,-30.121015205999996,1741.7110853404085,2886.323887,0.2745741901636225,-0.28653933795662095,0.39700131474410305
martingale,sigma x2,"[0.3, 0.35)",9318,-37.38886613065999,1714.3398800747104,3023.11685,0.32443838270015024,-0.4012541975816698,0.4443311433968228
martingale,sigma x2,"[0.35, 0.4)",8561,83.80755060744,1720.6600807637801,3208.425013,0.3747722243896741,0.9789458078196474,0.4844171180215408
martingale,sigma x2,"[0.4, 0.45)",8077,-5.474168552920003,1665.8526977709794,3430.797154,0.4247613165779373,-0.06777477470496475,0.5053214477672391
martingale,sigma x2,"[0.45, 0.5)",7939,20.29352474758,1686.9787078475106,3768.0909300000003,0.47463042322710675,0.25561814772112357,0.5173474601963015
martingale,sigma x2,"[0.5, 0.55)",7958,10.148796572320002,1678.6277094232462,4179.033771,0.5251361863533551,0.12752948696054286,0.5148391739544509
martingale,sigma x2,"[0.55, 0.6)",8176,6.199388208090005,1707.9358080992265,4703.31739,0.5752589762720157,0.07582421976626719,0.5054687273145283
martingale,sigma x2,"[0.6, 0.65)",8409,-28.09774861578,1667.114533353869,5257.472415,0.6252196949696753,-0.3341390012579379,0.48554125558571476
martingale,sigma x2,"[0.65, 0.7)",9340,-47.093803494849986,1743.453697298511,6306.778771,0.6752439797644539,-0.5042163115080299,0.4470218542704233
martingale,sigma x2,"[0.7, 0.75)",10449,63.74786138273001,1708.5351582565947,7584.415844,0.7258508798928127,0.6100857630656523,0.39553761971289025
martingale,sigma x2,"[0.75, 0.8)",12338,-87.89407549349998,1804.711220204641,9570.213481,0.7756697585508187,-0.7123851150389041,0.34425776194057484
martingale,sigma x2,"[0.8, 0.85)",15962,33.44282562350001,1841.822106815696,13186.539775000001,0.8261207727728356,0.20951525888673106,0.26886128699208656
martingale,sigma x2,"[0.85, 0.9)",22608,13.987544955960027,1931.1095478632494,19821.10977,0.8767299084394904,0.06186989099416148,0.19437496936537157
martingale,sigma x2,"[0.9, 0.95)",40652,2.1373513618400537,2058.0631963095734,37732.603517,0.9281856616402637,0.005257678249139166,0.11159569067622772
martingale,sigma x2,"[0.95, 1.0)",763538,-49.64272768531798,2146.349072087214,760111.230661,0.9955119858618694,-0.00650167086449109,0.006067631466693528
