process,pi,eps,z_pnl,z_marked,z_fills,z_informed,z_adverse
additive,0.0,-0.1,0.6467773792502596,0.4152245224392345,0.17231008540084594,,-0.24097276224335337
additive,0.0,-0.05,0.6820580782915603,0.4999898514869412,0.2960706948392698,,-0.2615811161324798
additive,0.0,-0.02,0.8940297158946743,0.567418802494901,0.09177069463276455,,-0.0353803938489447
additive,0.0,0.0,0.8741331326746568,0.2608261093014608,0.18839566173471098,,0.3417731932077685
additive,0.0,0.02,-0.20636116070080646,-0.14132296029046731,-0.520216219224466,,0.6277749412932966
additive,0.0,0.05,-0.3893075195403327,-0.29747185577235485,-0.3268101028713388,,0.9382274743621948
additive,0.0,0.1,-0.43876171267722686,-0.2742217292493613,-0.5957181927188215,,0.9409793331137006
additive,0.1,-0.1,0.5388497058531807,0.3703120939719398,0.7040262953013959,0.10227676250652634,-0.3785849226721378
additive,0.1,-0.05,0.5669314182808776,0.38593793998271114,0.8940808613215506,-1.2741690163426889,-0.34223199224879014
additive,0.1,-0.02,0.6251296591504425,0.34347123006290686,0.8550283920765782,-0.5009573033912037,-0.12894127805191846
additive,0.1,0.0,0.40553522391343877,-0.5095519243091304,1.3096253533302118,0.07116038308149668,0.2942540914333602
additive,0.1,0.02,-0.40960108854982,-0.5188057555039528,0.9026067333291206,0.6089273329744623,0.846789316235979
additive,0.1,0.05,-0.44735466556201336,-0.34743058110012437,0.4162157051488961,1.4465980726361827,1.3994020814089458
additive,0.1,0.1,-0.4482889152531735,-0.31065554269731027,0.21846420715874534,-0.19781841830532698,1.540868501587017
additive,0.2,-0.1,0.544717787467354,0.43122893907617627,0.27971934575408475,0.4031323339342484,-0.10664578212944528
additive,0.2,-0.05,0.6060814468981202,0.47719567882562813,-0.44124926549090115,0.2323364863040733,0.04853881226875089
additive,0.2,-0.02,0.6917687004211566,0.6098313065638574,-0.8467678221681358,-0.6290405435772554,0.3376024848872259
additive,0.2,0.0,0.6346462383322282,0.31269509080780716,-0.5127976020674281,-0.02512240137618429,0.34600271514962644
additive,0.2,0.02,-0.4664222323767538,-0.46484244311771256,0.23879103879170469,0.6123299426820475,0.3513895491305924
additive,0.2,0.05,-0.5150170926432522,-0.3636508708087461,-0.40478100448580545,-0.174851067737508,1.0181674407043286
additive,0.2,0.1,-0.5015088644224794,-0.3583959904410747,0.1499921860065558,-0.38492838823737147,1.4200277544957072
additive,0.4,-0.1,0.4729103191930299,0.34877551173568444,0.5250069663683761,0.31167390384572413,-0.1420035599269634
additive,0.4,-0.05,0.4677104044264457,0.37104800140983735,0.5337544071019363,-0.5826873154483095,-0.18598905468609112
additive,0.4,-0.02,0.37299971317977376,0.3174786874084363,0.7287119662311548,-0.20729859331341943,0.0909873509794524
additive,0.4,0.0,-0.820508329853661,0.13494406517054747,0.6813967969035934,0.035253467393668206,0.5053692151264848
additive,0.4,0.02,-0.4725200191234878,-0.28411246046928695,0.696528757679494,0.23279614364243392,0.8566912241811316
additive,0.4,0.05,-0.44459895272723987,-0.2631952319589464,0.3618049564159073,0.9471112026804825,1.5135397959252301
additive,0.4,0.1,-0.42764439420405764,-0.2514801358753564,0.03633258112477907,-0.073089873291813,1.5750641165953312
martingale,0.0,-0.1,-1.077744427313145,-0.7325143311853993,-1.3517595847819999,,1.5824588405999211
martingale,0.0,-0.05,-1.2113165869281792,-0.8083923509351997,-1.0267722993397457,,1.4187686969456914
martingale,0.0,-0.02,-1.139118135069399,-0.468642813051853,-1.258012763410981,,1.3945922525983663
martingale,0.0,0.0,-0.08259513153099449,1.222097666447345,-1.2481996353706155,,1.118768897516437
martingale,0.0,0.02,0.9499722629787138,1.4030560830314922,-1.6216155458424604,,0.847414562428177
martingale,0.0,0.05,1.107532054817297,1.2732161426187119,-1.4117849883199811,,0.20154655524346288
martingale,0.0,0.1,1.1523454656984435,1.2076008799159215,-0.4761784153273047,,-0.01163943070466897
martingale,0.1,-0.1,-1.1042453964552457,-0.7954532613336436,-1.5095015421867661,-1.1275071454155658,1.576443634168733
martingale,0.1,-0.05,-1.1973051324481547,-0.8575740411777045,-1.3280104558121753,-1.1070724006707777,1.4620869968527028
martingale,0.1,-0.02,-1.009915205469629,-0.5575905830380569,-1.2391247650458013,-0.9148996610605082,1.4987257274934385
martingale,0.1,0.0,0.6385282410921895,1.6286722458350276,-1.1895419184506892,-1.2362495834459095,1.2765681193849268
martingale,0.1,0.02,1.2251201124570295,1.4359796980172879,-0.7857313242745014,-2.085655543263946,1.1885594922372689
martingale,0.1,0.05,1.2369919634664313,1.3651648758834956,-0.8438454609415469,-0.24235171628295232,0.49812858135956434
martingale,0.1,0.1,1.2607483647875808,1.3200844718045295,-0.04451152152611781,-0.0873759145101154,0.3053589972923475
martingale,0.2,-0.1,-1.0263519061505073,-0.731149798776449,-1.5077083971662253,-1.3849347846837226,1.6723469590143425
martingale,0.2,-0.05,-1.1245502887432959,-0.8498346763277043,-1.275118846627822,-1.333176025629932,1.5401771402418416
martingale,0.2,-0.02,-1.223342474856143,-0.8746142307857271,-1.2276375289362584,-1.2413625899596006,1.5956437773629963
martingale,0.2,0.0,-0.6479676331365493,0.4260540232708964,-1.3576965499088725,-1.3504642038779902,1.642966734041599
martingale,0.2,0.02,0.9490016822444401,1.2136617530197553,-1.5203666958111492,-1.6487650017457458,1.4967952775806914
martingale,0.2,0.05,1.1299118741355245,1.2249718349966778,-1.4133143286456689,-0.14917809710987986,0.8205454377372645
martingale,0.2,0.1,1.2001450470608424,1.2497256185394126,-0.09592803011934214,0.13745253301191154,0.3977189481329968
martingale,0.4,-0.1,-1.0556384463130293,-0.7597998827911036,-1.5153113895598098,-1.274118624945834,1.7431872997175772
martingale,0.4,-0.05,-1.1491843629504406,-0.8845410508146296,-1.4039244841960203,-1.2275441784404308,1.7334180858691037
martingale,0.4,-0.02,-1.211970121193069,-0.8891991765521658,-1.5300676983977588,-1.06327878631563,1.722931988345109
martingale,0.4,0.0,0.21238902185109138,1.2913705438404137,-1.4930000218484825,-1.071108679751784,1.8440628505197565
martingale,0.4,0.02,1.0928432570815556,1.2723714848434828,-1.5987456347005389,-1.444651077426688,1.2539862362302217
martingale,0.4,0.05,1.2772269269063523,1.3339526186205146,-1.5693972149376298,0.16393982760111608,0.8774780270568207
martingale,0.4,0.1,1.2973992175006477,1.2898365865847659,-0.4615226729867588,0.14186291388792835,0.3553068383139584
