p0,quantity,additive,additive_se,martingale,martingale_se,diff,diff_se
0.2,settled P&L / contract,0.000997973177842544,0.00018726762425212853,0.0009737547055635786,0.0001269166558563146,2.421847227896545e-05,0.0002047257318889623
0.2,marked P&L / contract,0.00106999564723631,0.00010750183076477021,0.0009939084182003057,7.731803419955677e-05,7.608722903600424e-05,0.0001257625873023672
0.2,spread capture / contract,0.019431144842418313,4.548325267494133e-06,0.01823067820534579,1.4582151951382431e-05,0.0012004666370725263,1.4238343257947968e-05
0.2,adverse selection / contract,-0.019533025419095986,2.014366725961254e-05,-0.017155147988389456,3.4251286712293495e-05,-0.002377877430706529,3.549464605216291e-05
0.2,settlement drift / contract,0.0011718762239139792,0.00010625734795493746,-8.162179875603658e-05,7.399598947290132e-05,0.0012534980226700156,0.00012346109127981588
0.2,settlement draw / contract,-7.202246939376569e-05,0.00015389736251931788,-2.0153712636726463e-05,0.00010069108769894598,-5.18687567570393e-05,0.00016140631917808978
0.2,contracts per run,726.8609,0.24152608265746456,690.0652,0.5313398037929301,36.7957,0.49999999615061513
0.2,terminal inventory,2.3093,0.2722541745952823,9.954,0.2815638759173878,-7.6447,0.23165157550995336
0.2,E[p_T],0.4232790032228532,0.0028006338076950843,0.19565443970203347,0.0030368861673246766,0.22762456352081967,0.0036627006835244277
0.5,settled P&L / contract,0.00038598979635554,0.0001838211132588687,0.0001246830807308235,0.0001482133038755778,0.00026130671562471644,0.0002092708532061135
0.5,marked P&L / contract,0.0005113792331150655,0.00010139562257900511,0.00025205888494823914,9.701105719014171e-05,0.00025932034816682654,0.00012960184839112886
0.5,spread capture / contract,0.01959683207456501,3.880612472151022e-06,0.019035928125728647,1.0655452139826016e-05,0.0005609039488363614,1.0969293123935588e-05
0.5,adverse selection / contract,-0.0198442230058245,1.9715004388318536e-05,-0.018729700511255963,2.7921007947186192e-05,-0.0011145224945685354,3.0287525898816014e-05
0.5,settlement drift / contract,0.0007587701643745534,9.986339996689962e-05,-5.416872952445313e-05,9.509597471748772e-05,0.0008129388938990065,0.00012762442552224945
0.5,settlement draw / contract,-0.00012538943675952563,0.0001522251943377117,-0.00012737580421741547,0.00011142832169208645,1.9863674578898815e-06,0.00016312288935160975
0.5,contracts per run,730.6886,0.23481285465593907,713.9946,0.407591229229745,16.694,0.38474443365424116
0.5,terminal inventory,-0.0334,0.27307120908752586,0.3292,0.2829625585072197,-0.3626,0.2311719623388986
0.5,E[p_T],0.4976084871372077,0.002872232110755492,0.49433306713259834,0.003998392838019305,0.003275420004609369,0.004305513261641473
0.6,settled P&L / contract,0.0004595483092394816,0.00018418021076098062,0.0002584300041148454,0.00014731775236291627,0.00020111830512463622,0.00020925677878493777
0.6,marked P&L / contract,0.0005896719660080433,0.00010200909086453269,0.0002724986313725697,9.569400553141277e-05,0.0003171733346354736,0.00012937886778138061
0.6,spread capture / contract,0.019577686839993017,4.0116679992021534e-06,0.01896963471520749,1.1134357970341378e-05,0.000608052124785527,1.1347545929891573e-05
0.6,adverse selection / contract,-0.019810376887449077,1.979311180045169e-05,-0.01859549780734057,2.866914901087014e-05,-0.0012148790801085052,3.0796763670288845e-05
0.6,settlement drift / contract,0.0008223620134641033,0.00010052649005805283,-0.00010163827649435628,9.368299203509592e-05,0.0009240002899584596,0.00012728300896789753
0.6,settlement draw / contract,-0.0001301236567685616,0.00015185784319470493,-1.4068627257724411e-05,0.00011280868796204055,-0.00011605502951083713,0.00016276915449910595
0.6,contracts per run,730.2326,0.2364865795647428,712.0555,0.4217204841973877,18.1771,0.3967838420358497
0.6,terminal inventory,-0.775,0.27342833394763705,-2.3653,0.28300882493395685,1.5903,0.23095419150744478
0.6,E[p_T],0.5264270454421613,0.00285390607917794,0.5951363104415907,0.003914084571066773,-0.0687092649994294,0.004249892113589084
0.8,settled P&L / contract,0.0009995638157154398,0.00018710209653818383,0.0008619655467981868,0.00012317774242146816,0.00013759826891725306,0.0002069552962459429
0.8,marked P&L / contract,0.0011540009130412354,0.00010709287558223876,0.0009168905307333819,7.935362819558351e-05,0.00023711038230785338,0.00012571237417078495
0.8,spread capture / contract,0.0194277237410947,4.606818885001743e-06,0.01826573994652906,1.4430454264852497e-05,0.001161983794565641,1.407384378298089e-05
0.8,adverse selection / contract,-0.019531011338445724,2.0156519427157432e-05,-0.017214933435341386,3.405713990526496e-05,-0.0023160779031043363,3.501131037547268e-05
0.8,settlement drift / contract,0.0012572885103922563,0.00010602213448631291,-0.0001339159804543112,7.607679713791162e-05,0.0013912044908465674,0.00012318584061766087
0.8,settlement draw / contract,-0.00015443709732579561,0.00015224858290336876,-5.4924983935195904e-05,9.340105270712866e-05,-9.951211339059969e-05,0.00016103768591467092
0.8,contracts per run,726.7889,0.24297744233312746,691.3279,0.5263291749457176,35.461,0.49225527871820995
0.8,terminal inventory,-2.4191,0.2725206639325301,-9.2803,0.28247756114115474,6.8612,0.23166113213919684
0.8,E[p_T],0.5733684059473461,0.0027723956386844634,0.7966360839569898,0.0030988548064387524,-0.2232676780096438,0.003690070046688027
