process,outcome,term,coef,se
additive,settled,const,0.010923194452322212,0.00037702676093512955
additive,settled,eps,-0.029009708320716823,0.040934524033531726
additive,settled,pi,-0.04505863472851706,0.001147431990745048
additive,settled,eps*pi,-0.06676127890681716,0.11462384016327522
additive,settled,|eps|,-0.2857162781090578,0.002209671424797524
additive,settled,|eps|*pi,-0.4636808903848435,0.008645810523641698
additive,settled,p0=0.5,-0.0023037805962027175,0.00019053496335277715
additive,settled,p0=0.8,-0.000215139456944271,0.0003182532266105889
additive,marked,const,0.011085597419719411,0.00021876098320861313
additive,marked,eps,-0.00845402572868443,0.019067264664658624
additive,marked,pi,-0.04613369284946023,0.0006370927199034403
additive,marked,eps*pi,-0.018481273776381625,0.05346838425075191
additive,marked,|eps|,-0.2879282970274135,0.001298752538827747
additive,marked,|eps|*pi,-0.45627449698299993,0.004469876835894251
additive,marked,p0=0.5,-0.0021200439483930566,0.0001273224622229092
additive,marked,p0=0.8,-8.273758081051542e-05,0.00022475335803971366
additive,adverse selection,const,-0.008968463442030766,4.697620228496643e-05
additive,adverse selection,eps,0.0007374825527665823,0.00101688039941884
additive,adverse selection,pi,-0.05626646306591026,0.00012649097693611273
additive,adverse selection,eps*pi,0.000513129637112468,0.0018158827705609195
additive,adverse selection,|eps|,-0.3282787462656908,0.0004111367701222569
additive,adverse selection,|eps|*pi,-0.49317719234077706,0.0009492723358805479
additive,adverse selection,p0=0.5,-0.0007323695924239987,3.6958822055031476e-05
additive,adverse selection,p0=0.8,-4.19800952651279e-05,6.484530199179059e-05
martingale,settled,const,0.011274858524363749,0.0002632524488175969
martingale,settled,eps,0.0166060448829942,0.021225327713984454
martingale,settled,pi,-0.054294842710174686,0.0007152763900910178
martingale,settled,eps*pi,0.05169925509003982,0.06017809593948278
martingale,settled,|eps|,-0.2940522833824645,0.0013293115829858576
martingale,settled,|eps|*pi,-0.23563351304761015,0.006583684400253542
martingale,settled,p0=0.5,-0.0017707220403447104,0.00029113255251846614
martingale,settled,p0=0.8,-0.00019678756137196036,0.0003531882287334308
martingale,marked,const,0.01145626947337378,0.00016887254197704704
martingale,marked,eps,0.008423591979239168,0.013835441969604489
martingale,marked,pi,-0.054289909227995925,0.00045660895795654916
martingale,marked,eps*pi,0.025528766458248302,0.040050178278722766
martingale,marked,|eps|,-0.2943047881693268,0.0007794701000180087
martingale,marked,|eps|*pi,-0.2350941608734167,0.00473022046913776
martingale,marked,p0=0.5,-0.002077243842105473,0.00016852754784576593
martingale,marked,p0=0.8,-0.0004533474981442399,0.00021988169363750096
martingale,adverse selection,const,-0.006872257219894085,0.00010917097048437303
martingale,adverse selection,eps,-0.001395172547788343,0.0020714874852642002
martingale,adverse selection,pi,-0.05421942207422344,0.0001174256631234296
martingale,adverse selection,eps*pi,-0.002887353250597356,0.003049728562153381
martingale,adverse selection,|eps|,-0.2992675616535269,0.0003484863373595259
martingale,adverse selection,|eps|*pi,-0.44020408441142966,0.0011047710435119868
martingale,adverse selection,p0=0.5,-0.003169840971880268,0.00012349639004467978
martingale,adverse selection,p0=0.8,-0.00031435248993240807,0.00020588062955113892
