process,p0,config,sigma_scale,steps,N,bias_pT_pp,bias_pT_se_pp,bias_settle_pp,bias_settle_se_pp,frac_paths_clipped,mean_clips_per_path,steps_left_unit_interval,frac_paths_left_unit
additive,0.05,default,1.0,2000,200000,35.81125787555,0.061320992571871256,35.718500000000006,0.04873397172404482,0.954,48.3141,2833997,0.93045
additive,0.05,sigma x0.5,0.5,2000,200000,17.598443313249994,0.03736144103309065,17.625,0.04873397172404482,0.86826,40.673275,543866,0.718245
additive,0.05,sigma x2,2.0,2000,200000,44.93384021135001,0.06573624830995037,44.9135,0.04873397172404482,0.999145,74.29999,8542880,0.99861
additive,0.05,T x0.5,1.0,1000,200000,25.7594073283,0.050806461549869904,25.761500000000005,0.04873397172404482,0.903865,30.44766,1785375,0.862605
additive,0.05,T x2,1.0,4000,200000,42.98771894115,0.06442080577342259,42.987,0.04873397172404482,0.989595,82.847035,4859584,0.98226
additive,0.1,default,1.0,2000,200000,31.154810541799993,0.0615574739396714,31.066499999999998,0.0670820393249937,0.90901,43.368355,2546728,0.88311
additive,0.1,sigma x0.5,0.5,2000,200000,13.608909090199997,0.038933473879204705,13.639499999999998,0.0670820393249937,0.728935,31.480595,421235,0.588855
additive,0.1,sigma x2,2.0,2000,200000,39.940015504399994,0.06573579625307473,39.9185,0.0670820393249937,0.998355,71.771795,8256126,0.99758
additive,0.1,T x0.5,1.0,1000,200000,21.4760617919,0.05172826975041696,21.479,0.0670820393249937,0.810575,25.5884,1503087,0.76961
additive,0.1,T x2,1.0,4000,200000,38.065925166499994,0.06443534053603647,38.0775,0.0670820393249937,0.979205,77.90144,4572069,0.9701
additive,0.2,default,1.0,2000,200000,22.4811722326,0.062371506676514504,22.347,0.0894427190999916,0.82769,35.31276,2074427,0.797665
additive,0.2,sigma x0.5,0.5,2000,200000,7.619336197199999,0.044074601263006774,7.6119999999999965,0.0894427190999916,0.47788,17.753295,237496,0.369365
additive,0.2,sigma x2,2.0,2000,200000,29.962846063799997,0.06573676297160579,29.940499999999997,0.0894427190999916,0.997045,67.78275,7799702,0.99613
additive,0.2,T x0.5,1.0,1000,200000,14.255471424849992,0.05487440892368219,14.166999999999996,0.0894427190999916,0.638755,17.835105,1048223,0.599365
additive,0.2,T x2,1.0,4000,200000,28.36920023865,0.06448041924698103,28.359499999999997,0.0894427190999916,0.96063,69.829635,4099019,0.94825
additive,0.35,default,1.0,2000,200000,10.798685533750001,0.06383170443078393,10.685500000000003,0.1066536450385077,0.739285,27.575465,1619424,0.705505
additive,0.35,sigma x0.5,0.5,2000,200000,2.5474669051999967,0.051677138214849296,2.4670000000000023,0.1066536450385077,0.22529,6.712545,89599,0.161545
additive,0.35,sigma x2,2.0,2000,200000,15.016480085150008,0.06573718702712165,14.997000000000005,0.1066536450385077,0.99594,63.985745,7363425,0.994455
additive,0.35,T x0.5,1.0,1000,200000,6.168672362550004,0.060075597030115405,6.106500000000004,0.1066536450385077,0.456865,10.636875,624434,0.42158
additive,0.35,T x2,1.0,4000,200000,14.1258053635,0.06456124186224307,14.130000000000004,0.1066536450385077,0.93997,62.05762,3642416,0.92395
additive,0.5,default,1.0,2000,200000,0.03895551494998983,0.06449877709592225,-0.052999999999997494,0.1118033988749895,0.70626,24.996355,1467363,0.67273
additive,0.5,sigma x0.5,0.5,2000,200000,0.007640113350004807,0.054666828459367274,0.08500000000000174,0.1118033988749895,0.14129,3.610745,48384,0.09663
additive,0.5,sigma x2,2.0,2000,200000,0.08536962494999356,0.06574029318602598,0.06249999999999867,0.1118033988749895,0.995235,62.73584,7219299,0.993695
additive,0.5,T x0.5,1.0,1000,200000,-0.04103131999999565,0.0623010619295614,-0.09549999999999836,0.1118033988749895,0.39235,8.30483,487254,0.3589
additive,0.5,T x2,1.0,4000,200000,0.10271025629999819,0.06459360935052631,0.10299999999999754,0.1118033988749895,0.932895,59.476725,3489478,0.91576
additive,0.65,default,1.0,2000,200000,-10.724434462300003,0.0638372901578505,-10.789500000000007,0.1066536450385077,0.739255,27.57672,1619713,0.70601
additive,0.65,sigma x0.5,0.5,2000,200000,-2.5345674564499987,0.05176610334283907,-2.4595000000000034,0.1066536450385077,0.22534,6.66387,89251,0.16147
additive,0.65,sigma x2,2.0,2000,200000,-14.848909431399992,0.06574472794738472,-14.871500000000005,0.1066536450385077,0.99599,64.004095,7365362,0.994615
additive,0.65,T x0.5,1.0,1000,200000,-6.256694771500005,0.06005947492004729,-6.209500000000001,0.1066536450385077,0.456795,10.630975,624571,0.42103
additive,0.65,T x2,1.0,4000,200000,-13.936923106100007,0.06454401254911221,-13.937500000000004,0.1066536450385077,0.940625,62.085155,3643198,0.92528
additive,0.8,default,1.0,2000,200000,-22.41848108815001,0.062380165814736044,-22.384999999999998,0.08944271909999157,0.82822,35.335595,2074369,0.79802
additive,0.8,sigma x0.5,0.5,2000,200000,-7.614917131200006,0.04419615939522244,-7.589500000000005,0.08944271909999157,0.47863,17.695085,237360,0.370275
additive,0.8,sigma x2,2.0,2000,200000,-29.79553911025,0.06574201895798645,-29.820500000000006,0.08944271909999157,0.997185,67.816295,7804145,0.996205
additive,0.8,T x0.5,1.0,1000,200000,-14.360730415400003,0.05489730472453649,-14.234500000000006,0.08944271909999157,0.6408,17.840225,1047676,0.601005
additive,0.8,T x2,1.0,4000,200000,-28.1803594315,0.06445618359244669,-28.145500000000002,0.08944271909999157,0.96034,69.886755,4100424,0.947665
additive,0.9,default,1.0,2000,200000,-31.097158916300003,0.06156443276255418,-31.064999999999998,0.06708203932499368,0.910275,43.39024,2546520,0.88403
additive,0.9,sigma x0.5,0.5,2000,200000,-13.609097529299996,0.03907478470430861,-13.497000000000003,0.06708203932499368,0.728255,31.42408,421277,0.58872
additive,0.9,sigma x2,2.0,2000,200000,-39.774728586950005,0.06573983320523791,-39.797000000000004,0.06708203932499368,0.99855,71.804425,8261654,0.998
additive,0.9,T x0.5,1.0,1000,200000,-21.590098750050004,0.05177865850201653,-21.504,0.06708203932499368,0.81031,25.60098,1502545,0.768925
additive,0.9,T x2,1.0,4000,200000,-37.87588096420001,0.06441160160310164,-37.836000000000006,0.06708203932499368,0.97948,77.961105,4573963,0.970115
additive,0.95,default,1.0,2000,200000,-35.759551399799996,0.06132770117084085,-35.74699999999999,0.04873397172404484,0.954665,48.336365,2834269,0.93153
additive,0.95,sigma x0.5,0.5,2000,200000,-17.598969557700006,0.03749904966799998,-17.499999999999993,0.04873397172404484,0.86967,40.62932,543887,0.717845
additive,0.95,sigma x2,2.0,2000,200000,-44.7690047064,0.0657388101558995,-44.793499999999995,0.04873397172404484,0.99922,74.340225,8549118,0.998695
additive,0.95,T x0.5,1.0,1000,200000,-25.873948772849985,0.05086050731859344,-25.8015,0.04873397172404484,0.90401,30.458885,1785215,0.86287
additive,0.95,T x2,1.0,4000,200000,-42.79846711814999,0.06439987213304911,-42.757999999999996,0.04873397172404484,0.98988,82.9145,4862187,0.982325
martingale,0.05,default,1.0,2000,200000,-0.011642755897035839,0.03194096121184256,0.027499999999999747,0.04873397172404482,0.00059,0.01096,8,4e-05
martingale,0.05,sigma x0.5,0.5,2000,200000,-0.005469575672000654,0.014491088379068913,-0.0005000000000005,0.04873397172404482,0.0,0.0,0,0.0
martingale,0.05,sigma x2,2.0,2000,200000,0.029871707633175038,0.047424166763247726,0.03949999999999995,0.04873397172404482,0.686495,43.50213,71243,0.297135
martingale,0.05,T x0.5,1.0,1000,200000,-0.01790322388063037,0.02211179822519079,-0.014000000000000123,0.04873397172404482,2.5e-05,0.001355,5,2.5e-05
martingale,0.05,T x2,1.0,4000,200000,0.022265901397100496,0.04158462451695708,0.022499999999999604,0.04873397172404482,0.0684,2.49761,15,7.5e-05
martingale,0.1,default,1.0,2000,200000,-0.014020666718325692,0.04805868289740466,0.013499999999999623,0.0670820393249937,0.0002,0.003625,5,2.5e-05
martingale,0.1,sigma x0.5,0.5,2000,200000,-0.007132643512999803,0.025059883312168376,-0.017000000000000348,0.0670820393249937,0.0,0.0,0,0.0
martingale,0.1,sigma x2,2.0,2000,200000,0.001736933140494834,0.06553946929966697,-0.0025000000000011124,0.0670820393249937,0.6256,37.65557,66848,0.28085
martingale,0.1,T x0.5,1.0,1000,200000,-0.03544245803620005,0.035697418232261774,0.011999999999999511,0.0670820393249937,1.5e-05,0.0007,3,1.5e-05
martingale,0.1,T x2,1.0,4000,200000,0.00719622551652449,0.05921683102618818,0.05899999999999933,0.0670820393249937,0.040865,1.38202,13,6.5e-05
martingale,0.2,default,1.0,2000,200000,-0.024045061171026894,0.06853578308971284,-0.027000000000002022,0.0894427190999916,3.5e-05,0.000625,1,5e-06
martingale,0.2,sigma x0.5,0.5,2000,200000,-0.009557429243503557,0.04001915476450506,0.0009999999999982245,0.0894427190999916,0.0,0.0,0,0.0
martingale,0.2,sigma x2,2.0,2000,200000,-0.014717471736583332,0.08778086529816716,0.0014999999999987246,0.0894427190999916,0.555685,31.42453,61187,0.25998
martingale,0.2,T x0.5,1.0,1000,200000,-0.0640482505263329,0.05376212465931566,-0.046000000000001595,0.0894427190999916,0.0,0.0,0,0.0
martingale,0.2,T x2,1.0,4000,200000,0.03872403095436516,0.08102239175199989,0.026499999999998747,0.0894427190999916,0.02127,0.663345,10,5e-05
martingale,0.35,default,1.0,2000,200000,-0.045440087987058675,0.08465067314298405,-0.023499999999998522,0.1066536450385077,2e-05,0.000345,2,1e-05
martingale,0.35,sigma x0.5,0.5,2000,200000,-0.013386883899996205,0.0526488796885503,-0.03749999999999587,0.1066536450385077,0.0,0.0,0,0.0
martingale,0.35,sigma x2,2.0,2000,200000,0.02884061082751299,0.10497170480738427,0.05650000000000377,0.1066536450385077,0.503855,26.875115,56380,0.241835
martingale,0.35,T x0.5,1.0,1000,200000,-0.0814325170404473,0.06842732254093872,-0.12199999999999989,0.1066536450385077,0.0,0.0,0,0.0
martingale,0.35,T x2,1.0,4000,200000,-0.04520395700451929,0.09781968683662935,-0.05649999999999822,0.1066536450385077,0.011445,0.32804,8,4e-05
martingale,0.5,default,1.0,2000,200000,-0.04709185331984722,0.08950990261025828,-0.026500000000001522,0.1118033988749895,5e-06,7e-05,1,5e-06
martingale,0.5,sigma x0.5,0.5,2000,200000,-0.01483654216999919,0.05658005845564409,0.053999999999998494,0.1118033988749895,0.0,0.0,0,0.0
martingale,0.5,sigma x2,2.0,2000,200000,-0.1025220406240257,0.11009968235446638,-0.08600000000000274,0.1118033988749895,0.48917,25.56383,55013,0.23675
martingale,0.5,T x0.5,1.0,1000,200000,-0.076739965201994,0.07294511064538309,-0.07499999999999729,0.1118033988749895,0.0,0.0,0,0.0
martingale,0.5,T x2,1.0,4000,200000,-0.09074168044567177,0.10286833222293736,-0.1605000000000023,0.1118033988749895,0.008785,0.24398,7,3.5e-05
martingale,0.65,default,1.0,2000,200000,-0.032468246041439386,0.08467945402393293,-0.09400000000000519,0.1066536450385077,1.5e-05,0.0002,1,5e-06
martingale,0.65,sigma x0.5,0.5,2000,200000,-0.014310317974997044,0.05267762811571412,-0.062000000000006494,0.1066536450385077,0.0,0.0,0,0.0
martingale,0.65,sigma x2,2.0,2000,200000,-0.1098350460673081,0.10502984873570395,-0.13849999999999696,0.1066536450385077,0.502975,26.773415,56099,0.240555
martingale,0.65,T x0.5,1.0,1000,200000,-0.05893099402100033,0.06848375222774684,-0.015500000000001624,0.1066536450385077,0.0,0.0,0,0.0
martingale,0.65,T x2,1.0,4000,200000,0.04126963731868605,0.09776051092099687,0.06800000000000139,0.1066536450385077,0.011675,0.33196,9,4.5e-05
martingale,0.8,default,1.0,2000,200000,-0.010389201521887603,0.06856485136072757,-0.048000000000003595,0.08944271909999157,2.5e-05,0.000415,1,5e-06
martingale,0.8,sigma x0.5,0.5,2000,200000,-0.01501832959999172,0.04010683727496275,-0.028000000000005798,0.08944271909999157,0.0,0.0,0,0.0
martingale,0.8,sigma x2,2.0,2000,200000,-0.00459405520675249,0.0878033863154201,0.005499999999991623,0.08944271909999157,0.55403,31.18524,60500,0.25732
martingale,0.8,T x0.5,1.0,1000,200000,-0.03113416016550241,0.053853077331539954,0.016499999999997073,0.08944271909999157,0.0,0.0,0,0.0
martingale,0.8,T x2,1.0,4000,200000,0.020869563836634075,0.08092439436612864,0.000999999999995449,0.08944271909999157,0.021715,0.68636,10,5e-05
martingale,0.9,default,1.0,2000,200000,-0.03151085138356491,0.04830774906392419,-0.017000000000000348,0.06708203932499368,0.000135,0.00288,4,2e-05
martingale,0.9,sigma x0.5,0.5,2000,200000,-0.01328614434998876,0.025184373788825504,0.05950000000000122,0.06708203932499368,0.0,0.0,0,0.0
martingale,0.9,sigma x2,2.0,2000,200000,-0.01096334933566867,0.06557735041971043,-0.014999999999998348,0.06708203932499368,0.624865,37.44805,66249,0.279085
martingale,0.9,T x0.5,1.0,1000,200000,-0.024063208715008333,0.03585480638603136,-0.031999999999998696,0.06708203932499368,5e-06,0.000215,1,5e-06
martingale,0.9,T x2,1.0,4000,200000,-0.01824600899100748,0.059268056709743215,0.007499999999993623,0.06708203932499368,0.04168,1.419365,13,6.5e-05
martingale,0.95,default,1.0,2000,200000,-0.03688209713198498,0.03226112683484378,-0.02449999999999397,0.04873397172404484,0.000525,0.00868,6,3e-05
martingale,0.95,sigma x0.5,0.5,2000,200000,-0.008359015000003467,0.0146003058449902,0.016500000000008175,0.04873397172404484,0.0,0.0,0,0.0
martingale,0.95,sigma x2,2.0,2000,200000,-0.05723877188262838,0.047529959534834465,-0.06849999999999357,0.04873397172404484,0.68576,43.26378,70607,0.29506
martingale,0.95,T x0.5,1.0,1000,200000,-0.019972539845003467,0.02228465361621394,-0.04599999999999049,0.04873397172404484,1e-05,0.000545,2,1e-05
martingale,0.95,T x2,1.0,4000,200000,-0.02087057013110405,0.0416424993138328,0.009999999999998899,0.04873397172404484,0.069325,2.546435,17,8.5e-05
