process,p0,pi,abs_eps,asymmetry,se,z,N
additive,0.2,0.0,0.02,0.017810913743437257,0.002172619922283864,8.19789672402266,2000
additive,0.2,0.0,0.05,0.04095325960284392,0.0050137263374915265,8.168227949859286,2000
additive,0.2,0.0,0.1,0.058728993832579075,0.0077200961546293545,7.607287870030251,2000
additive,0.2,0.1,0.02,0.02622789212921069,0.0032708680305851543,8.018633550470255,2000
additive,0.2,0.1,0.05,0.05848366149813772,0.007267512969066967,8.047273083249289,2000
additive,0.2,0.1,0.1,0.08004393150019466,0.010550855956686247,7.586486994874528,2000
additive,0.2,0.2,0.02,0.034206023712520565,0.0042791964607197495,7.993562349032043,2000
additive,0.2,0.2,0.05,0.07370499963028583,0.009208150283842944,8.004321971114232,2000
additive,0.2,0.2,0.1,0.09721653877932471,0.01278430139326738,7.604368497642119,2000
additive,0.2,0.4,0.02,0.04883185173917198,0.006059985490032626,8.05808063723748,2000
additive,0.2,0.4,0.05,0.0998252154115398,0.012385776335738475,8.059665595889992,2000
additive,0.2,0.4,0.1,0.12365890937033072,0.01607776309725339,7.691300625735412,2000
additive,0.5,0.0,0.02,-0.0027024255308049057,0.0021945505434159463,-1.2314255139452939,2000
additive,0.5,0.0,0.05,-0.005892603078200881,0.005044748794705855,-1.1680667002457676,2000
additive,0.5,0.0,0.1,-0.00926443715157451,0.007821204251229594,-1.184528220205734,2000
additive,0.5,0.1,0.02,-0.003914844302430631,0.00330744173020241,-1.183647248168163,2000
additive,0.5,0.1,0.05,-0.008387685935205128,0.007334730281079362,-1.1435575152425121,2000
additive,0.5,0.1,0.1,-0.012284202436043353,0.010694772695961181,-1.1486174400585822,2000
additive,0.5,0.2,0.02,-0.005256694357894497,0.004325892518465523,-1.2151698951039005,2000
additive,0.5,0.2,0.05,-0.011159250019473923,0.009291444771571275,-1.2010241995537132,2000
additive,0.5,0.2,0.1,-0.015177161439190727,0.012947134129227848,-1.172240998486966,2000
additive,0.5,0.4,0.02,-0.006891006986637252,0.006099046081893274,-1.1298499624548068,2000
additive,0.5,0.4,0.05,-0.014136434820696311,0.012467423944444216,-1.1338697459627052,2000
additive,0.5,0.4,0.1,-0.018247650499392122,0.01623467935918658,-1.1239920478667462,2000
additive,0.8,0.0,0.02,-0.019604848887803672,0.0021806682216779874,-8.990294210238948,2000
additive,0.8,0.0,0.05,-0.04476665394723486,0.005012376484857604,-8.931223359313687,2000
additive,0.8,0.0,0.1,-0.0646535209131556,0.007726616220207879,-8.367637148078275,2000
additive,0.8,0.1,0.02,-0.028676596400199834,0.0032807662891540584,-8.74082268371334,2000
additive,0.8,0.1,0.05,-0.06370966403003316,0.0072796697679303425,-8.751724468422724,2000
additive,0.8,0.1,0.1,-0.08741585548429169,0.01057055771670508,-8.269748657267618,2000
additive,0.8,0.2,0.02,-0.03774284615762608,0.004291471231805451,-8.794850091945603,2000
additive,0.8,0.2,0.05,-0.08101664253881438,0.009226290005880199,-8.781063947391637,2000
additive,0.8,0.2,0.1,-0.10668568134292031,0.012804091597072574,-8.332155431261683,2000
additive,0.8,0.4,0.02,-0.05250795311138691,0.006061671634468771,-8.662289262389015,2000
additive,0.8,0.4,0.05,-0.10782311341228104,0.012386543357456772,-8.704858999050037,2000
additive,0.8,0.4,0.1,-0.13389861938685824,0.016081375195211224,-8.326316484844599,2000
martingale,0.2,0.0,0.02,-0.001381860303199981,0.001416533364130618,-0.9755225949429597,2000
martingale,0.2,0.0,0.05,-0.006778437389661509,0.0032830763150676918,-2.0646603182971544,2000
martingale,0.2,0.0,0.1,-0.017689634143240717,0.005104430581973256,-3.465545051335052,2000
martingale,0.2,0.1,0.02,-0.0036072016238383083,0.0021381858208661055,-1.6870384176325495,2000
martingale,0.2,0.1,0.05,-0.010831367109612043,0.004771374969316976,-2.2700725009593112,2000
martingale,0.2,0.1,0.1,-0.024559078667336934,0.006983663327414323,-3.516646996846259,2000
martingale,0.2,0.2,0.02,-0.005890847237626657,0.0028081881253162458,-2.097739529812753,2000
martingale,0.2,0.2,0.05,-0.01502579476472171,0.006034538847292705,-2.489965703255483,2000
martingale,0.2,0.2,0.1,-0.030942624300731417,0.008446306327936888,-3.6634504006071875,2000
martingale,0.2,0.4,0.02,-0.009859039378346514,0.003978313493354419,-2.4781956964466385,2000
martingale,0.2,0.4,0.05,-0.020040386854886138,0.008117229297651749,-2.46887036450771,2000
martingale,0.2,0.4,0.1,-0.038907088381167076,0.010641306617602299,-3.6562322447141016,2000
martingale,0.5,0.0,0.02,8.915251558879001e-05,0.0017238860822520305,0.05171601331819094,2000
martingale,0.5,0.0,0.05,0.0007372034546795953,0.003971813669466503,0.18560877121373545,2000
martingale,0.5,0.0,0.1,0.0007295334254682617,0.006226638719928399,0.11716328155243456,2000
martingale,0.5,0.1,0.02,0.0002876044577826863,0.0026204598391972823,0.10975343085997735,2000
martingale,0.5,0.1,0.05,0.0006743068099497036,0.005787167514059594,0.11651758970368728,2000
martingale,0.5,0.1,0.1,0.0009610437314851392,0.008533028056129922,0.11262634145386978,2000
martingale,0.5,0.2,0.02,0.00033669107133119347,0.003422185599897561,0.0983848074579216,2000
martingale,0.5,0.2,0.05,0.0006484441923016239,0.007355484235506527,0.08815792020482381,2000
martingale,0.5,0.2,0.1,0.0009346185646333325,0.010335188013572734,0.09043072689204495,2000
martingale,0.5,0.4,0.02,0.000804858353941118,0.004840739323827973,0.1662676504763016,2000
martingale,0.5,0.4,0.05,0.0016791661186977267,0.009863513276667969,0.17024016408735168,2000
martingale,0.5,0.4,0.1,0.0018799686863737231,0.012972971079483957,0.14491427405914675,2000
martingale,0.8,0.0,0.02,0.0036196895869882242,0.0014224926869569631,2.5446103309898676,2000
martingale,0.8,0.0,0.05,0.01220378139018647,0.0032544218274000013,3.7499076755935556,2000
martingale,0.8,0.0,0.1,0.02575890667567642,0.005065603138481349,5.085062128139564,2000
martingale,0.8,0.1,0.02,0.007109433698683019,0.002144963832189299,3.314477191639468,2000
martingale,0.8,0.1,0.05,0.019070200166786767,0.0047310558390151955,4.030855017504162,2000
martingale,0.8,0.1,0.1,0.036251380430935384,0.006940612935323766,5.223080550485175,2000
martingale,0.8,0.2,0.02,0.01027109530514281,0.002801429362312502,3.666376687315188,2000
martingale,0.8,0.2,0.05,0.024683689430090992,0.006020632024493275,4.099850203379352,2000
martingale,0.8,0.2,0.1,0.04426285481733234,0.008415947214733563,5.259402618381755,2000
martingale,0.8,0.4,0.02,0.016414431104051566,0.003964662565961276,4.140183642607604,2000
martingale,0.8,0.4,0.05,0.033992908099185315,0.008074586828888845,4.209863466644166,2000
martingale,0.8,0.4,0.1,0.05659743224450651,0.010568536452930426,5.355276248189812,2000
